WigleWifi-1.4,appRelease=2.25,model=ASUS_Z01BDC,release=7.1.1,device=Z01B_1,display=NMF26F.WW_user_31.40.13.50_20170807,board=QC_Reference_Phone,brand=asus
MAC,SSID,AuthMode,FirstSeen,Channel,RSSI,CurrentLatitude,CurrentLongitude,AltitudeMeters,AccuracyMeters,Type
ec:8c:a2:09:8c:a8,Ariel_University,[ESS],2017-10-29 19:02:19,11,-74,32.10348882,35.20724164,686.548583984375,18.203998565673828,WIFI
3c:52:82:ef:d4:1e,DIRECT-1D-HP DeskJet 3630 series,[WPA2-PSK-CCMP][ESS],2017-10-29 19:02:19,6,-84,32.10348882,35.20724164,686.548583984375,18.203998565673828,WIFI
ec:8c:a2:26:ae:28,Ariel_University,[ESS],2017-10-29 19:02:19,6,-62,32.10348882,35.20724164,686.548583984375,18.203998565673828,WIFI
ec:8c:a2:26:b0:58,Ariel_University,[ESS],2017-10-29 19:02:19,11,-48,32.10348882,35.20724164,686.548583984375,18.203998565673828,WIFI
ec:8c:a2:09:84:f8,Ariel_University,[ESS],2017-10-29 19:02:19,6,-73,32.10348882,35.20724164,686.548583984375,18.203998565673828,WIFI
ec:8c:a2:08:a3:b8,Ariel_University,[ESS],2017-10-29 19:02:19,1,-74,32.10348882,35.20724164,686.548583984375,18.203998565673828,WIFI
ec:8c:a2:08:7a:18,Ariel_University,[ESS],2017-10-29 19:02:19,1,-68,32.10348882,35.20724164,686.548583984375,18.203998565673828,WIFI
ec:8c:a2:08:96:48,Ariel_University,[ESS],2017-10-29 19:02:19,11,-79,32.10348882,35.20724164,686.548583984375,18.203998565673828,WIFI
00:27:19:e3:2d:fe,AUC_51_3,[ESS],2017-10-29 19:02:19,9,-78,32.10348882,35.20724164,686.548583984375,18.203998565673828,WIFI
ec:8c:a2:08:77:48,Ariel_University,[ESS],2017-10-29 19:02:19,1,-78,32.10348882,35.20724164,686.548583984375,18.203998565673828,WIFI
a0:8c:fd:0a:14:5b,DIRECT-F1-HP DeskJet 3630 series,[WPA2-PSK-CCMP][ESS],2017-10-29 19:02:19,6,-74,32.10348882,35.20724164,686.548583984375,18.203998565673828,WIFI
ec:8c:a2:08:ab:d8,Ariel_University,[ESS],2017-10-29 19:02:19,1,-66,32.10348882,35.20724164,686.548583984375,18.203998565673828,WIFI
ec:8c:a2:09:8e:d8,Ariel_University,[ESS],2017-10-29 19:02:19,1,-78,32.10348882,35.20724164,686.548583984375,18.203998565673828,WIFI
ec:8c:a2:08:99:68,Ariel_University,[ESS],2017-10-29 19:02:19,6,-78,32.10348882,35.20724164,686.548583984375,18.203998565673828,WIFI
1c:b9:c4:16:28:88,Ariel_University,[ESS],2017-10-29 19:02:19,11,-75,32.10348882,35.20724164,686.548583984375,18.203998565673828,WIFI
1c:b9:c4:15:36:78,Ariel_University,[ESS],2017-10-29 19:02:19,11,-76,32.10348882,35.20724164,686.548583984375,18.203998565673828,WIFI
00:27:19:14:04:78,AUC,[ESS],2017-10-29 19:02:19,6,-78,32.10348882,35.20724164,686.548583984375,18.203998565673828,WIFI
1c:b9:c4:16:f4:78,Ariel_University,[ESS],2017-10-29 19:02:19,1,-86,32.10348882,35.20724164,686.548583984375,18.203998565673828,WIFI
ec:8c:a2:0a:08:28,Ariel_University,[ESS],2017-10-29 19:02:19,1,-77,32.10348882,35.20724164,686.548583984375,18.203998565673828,WIFI
ec:8c:a2:09:89:e8,Ariel_University,[ESS],2017-10-29 19:02:19,1,-85,32.10348882,35.20724164,686.548583984375,18.203998565673828,WIFI
ec:8c:a2:0a:11:98,Ariel_University,[ESS],2017-10-29 19:02:19,11,-79,32.10348882,35.20724164,686.548583984375,18.203998565673828,WIFI
ec:8c:a2:08:a3:58,Ariel_University,[ESS],2017-10-29 19:02:19,6,-80,32.10348882,35.20724164,686.548583984375,18.203998565673828,WIFI
ec:8c:a2:0a:08:b8,Ariel_University,[ESS],2017-10-29 19:02:19,11,-83,32.10348882,35.20724164,686.548583984375,18.203998565673828,WIFI
ec:8c:a2:09:f2:b8,Ariel_University,[ESS],2017-10-29 19:02:19,11,-84,32.10348882,35.20724164,686.548583984375,18.203998565673828,WIFI
42502_811_3868449,GOLAN T,UNKNOWN;il,2017-10-29 19:02:19,0,-113,32.10348882,35.20724164,686.548583984375,18.203998565673828,GSM
1c:b9:c4:15:36:78,Ariel_University,[ESS],2017-10-29 19:02:20,11,-71,32.10356588,35.20727598,676.9359130859375,16.687000274658203,WIFI
ec:8c:a2:0a:08:b8,Ariel_University,[ESS],2017-10-29 19:02:20,11,-78,32.10356588,35.20727598,676.9359130859375,16.687000274658203,WIFI
ec:8c:a2:08:d7:68,Ariel_University,[ESS],2017-10-29 19:02:20,11,-81,32.10356588,35.20727598,676.9359130859375,16.687000274658203,WIFI
ec:8c:a2:08:f3:88,Ariel_University,[ESS],2017-10-29 19:02:20,1,-84,32.10356588,35.20727598,676.9359130859375,16.687000274658203,WIFI
ec:8c:a2:26:ae:28,Ariel_University,[ESS],2017-10-29 19:02:25,6,-57,32.10354146,35.20730556,691.561767578125,9.101999282836914,WIFI
ec:8c:a2:09:8e:d8,Ariel_University,[ESS],2017-10-29 19:02:25,1,-72,32.10354146,35.20730556,691.561767578125,9.101999282836914,WIFI
ec:8c:a2:09:89:e8,Ariel_University,[ESS],2017-10-29 19:02:25,1,-71,32.10354146,35.20730556,691.561767578125,9.101999282836914,WIFI
ec:8c:a2:0a:11:e8,Ariel_University,[ESS],2017-10-29 19:02:25,6,-80,32.10354146,35.20730556,691.561767578125,9.101999282836914,WIFI
ec:8c:a2:08:90:c8,Ariel_University,[ESS],2017-10-29 19:02:27,6,-83,32.10355265,35.20734419,692.2353515625,9.101999282836914,WIFI
ec:8c:a2:09:86:48,Ariel_University,[ESS],2017-10-29 19:02:27,6,-86,32.10355265,35.20734419,692.2353515625,9.101999282836914,WIFI
c0:ee:fb:5e:65:35,ONE E1001,[WPA2-PSK-CCMP][ESS],2017-10-29 19:02:31,6,-90,32.10352759,35.20736421,692.0718994140625,9.101999282836914,WIFI
00:25:86:cc:00:f8,AUC_54_R,[ESS],2017-10-29 19:02:35,5,-85,32.10348194,35.2074675,688.369873046875,9.101999282836914,WIFI
1c:b9:c4:16:d2:88,Ariel_University,[ESS],2017-10-29 19:02:45,6,-81,32.10340428,35.20755957,690.378662109375,12.13599967956543,WIFI
ec:8c:a2:09:0c:c8,Ariel_University,[ESS],2017-10-29 19:03:19,11,-76,32.10320007,35.2077125,698.4937744140625,7.585000038146973,WIFI
ec:d0:9f:a5:7d:99,????? ???,[WPA2-PSK-CCMP][ESS],2017-10-29 19:03:19,11,-82,32.10320007,35.2077125,698.4937744140625,7.585000038146973,WIFI
ec:8c:a2:08:a9:38,Ariel_University,[ESS],2017-10-29 19:03:19,1,-80,32.10320007,35.2077125,698.4937744140625,7.585000038146973,WIFI
00:25:86:cb:fd:f8,,[ESS],2017-10-29 19:03:19,9,-80,32.10320007,35.2077125,698.4937744140625,7.585000038146973,WIFI
ec:8c:a2:08:78:38,Ariel_University,[ESS],2017-10-29 19:03:19,1,-82,32.10320007,35.2077125,698.4937744140625,7.585000038146973,WIFI
ec:8c:a2:09:03:38,Ariel_University,[ESS],2017-10-29 19:03:19,11,-83,32.10320007,35.2077125,698.4937744140625,7.585000038146973,WIFI
ec:8c:a2:09:86:d8,Ariel_University,[ESS],2017-10-29 19:03:19,1,-87,32.10320007,35.2077125,698.4937744140625,7.585000038146973,WIFI
ec:d0:9f:a5:7d:99,????? ???,[WPA2-PSK-CCMP][ESS],2017-10-29 19:03:25,11,-77,32.10310661,35.20771822,706.650634765625,6.067999839782715,WIFI
90:8d:78:55:1d:16,norden,[WPA2-PSK-CCMP][ESS],2017-10-29 19:03:25,8,-86,32.10310661,35.20771822,706.650634765625,6.067999839782715,WIFI
94:65:2d:70:82:a5,AndroidHotspot8806,[WPA2-PSK-CCMP][ESS],2017-10-29 19:03:25,6,-89,32.10310661,35.20771822,706.650634765625,6.067999839782715,WIFI
d0:0f:6d:f1:35:2f,Sveta,[WPA2-PSK-CCMP][ESS],2017-10-29 19:03:25,4,-90,32.10310661,35.20771822,706.650634765625,6.067999839782715,WIFI
14:ae:db:32:52:12,surikat,[WPA2-PSK-CCMP][ESS],2017-10-29 19:03:25,5,-91,32.10310661,35.20771822,706.650634765625,6.067999839782715,WIFI
ec:8c:a2:08:94:18,Ariel_University,[ESS],2017-10-29 19:03:25,1,-75,32.10310661,35.20771822,706.650634765625,6.067999839782715,WIFI
1c:b9:c4:16:f4:78,Ariel_University,[ESS],2017-10-29 19:03:25,1,-80,32.10310661,35.20771822,706.650634765625,6.067999839782715,WIFI
ec:8c:a2:09:93:b8,Ariel_University,[ESS],2017-10-29 19:03:25,6,-87,32.10310661,35.20771822,706.650634765625,6.067999839782715,WIFI
ec:8c:a2:08:78:38,Ariel_University,[ESS],2017-10-29 19:03:27,1,-75,32.10309805,35.20772208,694.21142578125,6.067999839782715,WIFI
ec:8c:a2:09:03:38,Ariel_University,[ESS],2017-10-29 19:03:27,11,-78,32.10309805,35.20772208,694.21142578125,6.067999839782715,WIFI
c0:ac:54:f5:ff:4b,YanivIsGay,[WPA-PSK-CCMP+TKIP][WPA2-PSK-CCMP+TKIP][ESS],2017-10-29 19:03:27,11,-77,32.10309805,35.20772208,694.21142578125,6.067999839782715,WIFI
80:37:73:d7:ab:3a,Hoom_2.4,[WPA2-PSK-CCMP][WPS][ESS],2017-10-29 19:03:27,1,-89,32.10309805,35.20772208,694.21142578125,6.067999839782715,WIFI
1c:b9:c4:14:33:c8,Ariel_University,[ESS],2017-10-29 19:03:27,11,-78,32.10309805,35.20772208,694.21142578125,6.067999839782715,WIFI
1c:b9:c4:12:90:b8,Ariel_University,[ESS],2017-10-29 19:03:27,11,-78,32.10309805,35.20772208,694.21142578125,6.067999839782715,WIFI
6a:37:73:d7:ab:3b,Bezeq Free AA107B,[ESS],2017-10-29 19:03:27,1,-88,32.10309805,35.20772208,694.21142578125,6.067999839782715,WIFI
1c:b9:c4:16:28:f8,Ariel_University,[ESS],2017-10-29 19:03:27,6,-88,32.10309805,35.20772208,694.21142578125,6.067999839782715,WIFI
ec:8c:a2:08:a9:38,Ariel_University,[ESS],2017-10-29 19:03:29,1,-71,32.10308237,35.20772273,697.2452392578125,4.550999641418457,WIFI
10:be:f5:a7:b4:f4,Home,[WPA2-PSK-CCMP][ESS],2017-10-29 19:03:29,7,-87,32.10308237,35.20772273,697.2452392578125,4.550999641418457,WIFI
00:21:04:4c:2a:a2,Yan,[WPA-PSK-CCMP+TKIP][WPA2-PSK-CCMP+TKIP][ESS],2017-10-29 19:03:29,6,-86,32.10308237,35.20772273,697.2452392578125,4.550999641418457,WIFI
a0:ab:1b:64:12:fa,omer,[WPA2-PSK-CCMP][ESS],2017-10-29 19:03:29,7,-89,32.10308237,35.20772273,697.2452392578125,4.550999641418457,WIFI
1c:b9:c4:16:11:a8,Ariel_University,[ESS],2017-10-29 19:03:29,1,-86,32.10308237,35.20772273,697.2452392578125,4.550999641418457,WIFI
ec:8c:a2:08:7b:88,Ariel_University,[ESS],2017-10-29 19:03:29,6,-86,32.10308237,35.20772273,697.2452392578125,4.550999641418457,WIFI
1c:b9:c4:16:11:a8,Ariel_University,[ESS],2017-10-29 19:03:33,1,-81,32.10305556,35.20774397,692.896240234375,6.067999839782715,WIFI
14:ae:db:cf:86:f5,Biren2809,[WPA-PSK-CCMP+TKIP][WPA2-PSK-CCMP+TKIP][WPS][ESS],2017-10-29 19:03:33,6,-87,32.10305556,35.20774397,692.896240234375,6.067999839782715,WIFI
c4:12:f5:85:12:7d,Si_2.4G,[WPA2-PSK-CCMP][ESS],2017-10-29 19:03:33,4,-87,32.10305556,35.20774397,692.896240234375,6.067999839782715,WIFI
06:ae:db:3a:64:05,BezeqFree,[WPA2-PSK-CCMP][ESS],2017-10-29 19:03:33,11,-91,32.10305556,35.20774397,692.896240234375,6.067999839782715,WIFI
00:1a:dd:f4:f6:05,Afikim_Wifi,[ESS],2017-10-29 19:03:33,2,-82,32.10305556,35.20774397,692.896240234375,6.067999839782715,WIFI
00:1a:dd:f4:f6:04,,[ESS],2017-10-29 19:03:33,2,-83,32.10305556,35.20774397,692.896240234375,6.067999839782715,WIFI
ec:8c:a2:08:a9:28,Ariel_University,[ESS],2017-10-29 19:03:38,11,-85,32.10296703,35.20770773,693.8519287109375,4.550999641418457,WIFI
00:1a:dd:e3:5e:65,,[ESS],2017-10-29 19:03:38,11,-87,32.10296703,35.20770773,693.8519287109375,4.550999641418457,WIFI
1c:b9:c4:15:43:e8,Ariel_University,[ESS],2017-10-29 19:03:38,1,-89,32.10296703,35.20770773,693.8519287109375,4.550999641418457,WIFI
d8:5d:4c:9e:69:22,AUC_4_2_24,[ESS],2017-10-29 19:03:38,4,-89,32.10296703,35.20770773,693.8519287109375,4.550999641418457,WIFI
00:1a:dd:f4:f6:05,Afikim_Wifi,[ESS],2017-10-29 19:03:42,2,-75,32.10291642,35.20767525,695.92626953125,4.550999641418457,WIFI
00:1a:dd:e3:5e:65,,[ESS],2017-10-29 19:03:42,11,-78,32.10291642,35.20767525,695.92626953125,4.550999641418457,WIFI
00:1a:dd:e3:5e:64,Wirless-Afikim,[ESS],2017-10-29 19:03:42,11,-77,32.10291642,35.20767525,695.92626953125,4.550999641418457,WIFI
34:8f:27:20:8c:18,Ariel_University,[ESS],2017-10-29 19:03:42,1,-88,32.10291642,35.20767525,695.92626953125,4.550999641418457,WIFI
ec:d0:9f:a5:7d:99,????? ???,[WPA2-PSK-CCMP][ESS],2017-10-29 19:03:46,11,-70,32.10286287,35.20764898,694.74609375,4.550999641418457,WIFI
ec:8c:a2:09:03:38,Ariel_University,[ESS],2017-10-29 19:03:46,11,-69,32.10286287,35.20764898,694.74609375,4.550999641418457,WIFI
00:1a:dd:f4:f6:04,,[ESS],2017-10-29 19:03:46,2,-73,32.10286287,35.20764898,694.74609375,4.550999641418457,WIFI
00:1a:dd:e3:5e:64,Wirless-Afikim,[ESS],2017-10-29 19:03:46,11,-69,32.10286287,35.20764898,694.74609375,4.550999641418457,WIFI
14:ae:db:4c:5e:3d,BEZEQINT-5E39,[WPA-PSK-CCMP+TKIP][WPA2-PSK-CCMP+TKIP][WPS][ESS],2017-10-29 19:03:46,11,-78,32.10286287,35.20764898,694.74609375,4.550999641418457,WIFI
e8:d1:1b:73:4f:33,Hot pot12,[WPA-PSK-CCMP+TKIP][WPA2-PSK-CCMP+TKIP][ESS],2017-10-29 19:03:46,1,-87,32.10286287,35.20764898,694.74609375,4.550999641418457,WIFI
00:1a:dd:f4:f6:05,Afikim_Wifi,[ESS],2017-10-29 19:03:50,2,-70,32.10281334,35.20762329,694.645751953125,4.550999641418457,WIFI
00:1a:dd:f4:f6:05,Afikim_Wifi,[ESS],2017-10-29 19:03:54,2,-61,32.10274345,35.20759597,688.943115234375,4.550999641418457,WIFI
00:1a:dd:e3:5e:65,,[ESS],2017-10-29 19:03:54,11,-66,32.10274345,35.20759597,688.943115234375,4.550999641418457,WIFI
14:ae:db:46:62:2d,Nadav,[WPA2-PSK-CCMP][ESS],2017-10-29 19:03:54,6,-88,32.10274345,35.20759597,688.943115234375,4.550999641418457,WIFI
06:ae:db:3a:64:05,BezeqFree,[WPA2-PSK-CCMP][ESS],2017-10-29 19:03:55,11,-85,32.10273366,35.20759297,689.4970703125,6.067999839782715,WIFI
00:1a:dd:f4:f6:04,,[ESS],2017-10-29 19:03:55,2,-67,32.10273366,35.20759297,689.4970703125,6.067999839782715,WIFI
00:12:2a:39:2c:3c,netbox-550b,[WPA-PSK-CCMP+TKIP][WPA2-PSK-CCMP+TKIP][WPS][ESS],2017-10-29 19:03:55,1,-83,32.10273366,35.20759297,689.4970703125,6.067999839782715,WIFI
00:1a:dd:e3:5e:64,Wirless-Afikim,[ESS],2017-10-29 19:03:58,11,-59,32.10270352,35.20756714,690.360107421875,7.585000038146973,WIFI
14:ae:db:43:88:35,BEZEQINT-8831,[WPA-PSK-CCMP+TKIP][WPA2-PSK-CCMP+TKIP][WPS][ESS],2017-10-29 19:03:58,6,-84,32.10270352,35.20756714,690.360107421875,7.585000038146973,WIFI
30:e1:71:0d:e0:79,DIRECT-78-HP DeskJet 3630 series,[WPA2-PSK-CCMP][ESS],2017-10-29 19:03:58,6,-91,32.10270352,35.20756714,690.360107421875,7.585000038146973,WIFI
90:8d:78:55:1d:16,norden,[WPA2-PSK-CCMP][ESS],2017-10-29 19:04:02,8,-81,32.10266403,35.207511,686.7509765625,6.067999839782715,WIFI
1c:b9:c4:16:f4:78,Ariel_University,[ESS],2017-10-29 19:04:02,1,-75,32.10266403,35.207511,686.7509765625,6.067999839782715,WIFI
10:be:f5:a7:b4:f4,Home,[WPA2-PSK-CCMP][ESS],2017-10-29 19:04:02,7,-80,32.10266403,35.207511,686.7509765625,6.067999839782715,WIFI
00:12:2a:39:2c:3c,netbox-550b,[WPA-PSK-CCMP+TKIP][WPA2-PSK-CCMP+TKIP][WPS][ESS],2017-10-29 19:04:02,1,-76,32.10266403,35.207511,686.7509765625,6.067999839782715,WIFI
d8:fe:e3:03:5a:31,Moria,[WPA2-PSK-CCMP][ESS],2017-10-29 19:04:02,1,-77,32.10266403,35.207511,686.7509765625,6.067999839782715,WIFI
14:ae:db:3a:64:05,tanya,[WPA2-PSK-CCMP][ESS],2017-10-29 19:04:02,11,-82,32.10266403,35.207511,686.7509765625,6.067999839782715,WIFI
80:37:73:d7:ab:3a,Hoom_2.4,[WPA2-PSK-CCMP][WPS][ESS],2017-10-29 19:04:06,1,-82,32.10263128,35.20745137,687.746337890625,4.550999641418457,WIFI
6a:37:73:d7:ab:3b,Bezeq Free AA107B,[ESS],2017-10-29 19:04:06,1,-81,32.10263128,35.20745137,687.746337890625,4.550999641418457,WIFI
d0:0f:6d:f1:35:2f,Sveta,[WPA2-PSK-CCMP][ESS],2017-10-29 19:04:25,4,-85,32.10255273,35.2071438,683.29248046875,6.067999839782715,WIFI
14:ae:db:32:52:12,surikat,[WPA2-PSK-CCMP][ESS],2017-10-29 19:04:25,5,-86,32.10255273,35.2071438,683.29248046875,6.067999839782715,WIFI
b0:48:7a:a1:80:8c,Knoch,[WPA-PSK-CCMP+TKIP][WPA2-PSK-CCMP+TKIP][WPS][ESS],2017-10-29 19:04:25,1,-77,32.10255273,35.2071438,683.29248046875,6.067999839782715,WIFI
a0:ab:1b:59:55:54,ear,[WPA2-PSK-TKIP][ESS],2017-10-29 19:04:25,11,-78,32.10255273,35.2071438,683.29248046875,6.067999839782715,WIFI
c4:12:f5:3f:d1:75,natasha,[WPA2-PSK-CCMP][ESS],2017-10-29 19:04:25,7,-90,32.10255273,35.2071438,683.29248046875,6.067999839782715,WIFI
a0:4f:d4:3a:a0:e1,Cellcom-WiFi_0123,[WPA2-PSK-CCMP][ESS],2017-10-29 19:04:25,1,-81,32.10255273,35.2071438,683.29248046875,6.067999839782715,WIFI
62:8d:78:52:78:79,BezeqFree,[WPA2-PSK-CCMP][ESS],2017-10-29 19:04:25,11,-85,32.10255273,35.2071438,683.29248046875,6.067999839782715,WIFI
90:8d:78:52:78:78,Bezeq_k,[WPA2-PSK-CCMP][ESS],2017-10-29 19:04:25,11,-86,32.10255273,35.2071438,683.29248046875,6.067999839782715,WIFI
14:ae:db:4d:d3:ed,aharon,[WPA2-PSK-CCMP+TKIP][ESS],2017-10-29 19:04:25,6,-86,32.10255273,35.2071438,683.29248046875,6.067999839782715,WIFI
1c:b9:c4:15:36:88,Ariel_University,[ESS],2017-10-29 19:04:25,11,-85,32.10255273,35.2071438,683.29248046875,6.067999839782715,WIFI
a0:4f:d4:3b:fb:a1,Banot,[WPA2-PSK-CCMP][ESS],2017-10-29 19:04:38,1,-85,32.10264348,35.20693412,678.698486328125,6.067999839782715,WIFI
14:ae:db:cc:7b:05,BEZEQINT-7B01,[WPA-PSK-CCMP+TKIP][WPA2-PSK-CCMP+TKIP][WPS][ESS],2017-10-29 19:04:38,11,-86,32.10264348,35.20693412,678.698486328125,6.067999839782715,WIFI
00:0e:f4:c1:50:14,vladimir,[WPA2-PSK-CCMP][ESS],2017-10-29 19:04:38,11,-86,32.10264348,35.20693412,678.698486328125,6.067999839782715,WIFI
30:e1:71:0d:e0:57,DIRECT-56-HP DeskJet 3630 series,[WPA2-PSK-CCMP][ESS],2017-10-29 19:04:38,6,-91,32.10264348,35.20693412,678.698486328125,6.067999839782715,WIFI
f8:d1:11:77:77:fc,TP-LINK_7777FC,[ESS],2017-10-29 19:04:38,1,-88,32.10264348,35.20693412,678.698486328125,6.067999839782715,WIFI
00:02:6f:8e:64:67,,[ESS],2017-10-29 19:04:38,1,-87,32.10264348,35.20693412,678.698486328125,6.067999839782715,WIFI
1c:b9:c4:14:2b:18,Ariel_University,[ESS],2017-10-29 19:04:38,6,-82,32.10264348,35.20693412,678.698486328125,6.067999839782715,WIFI
00:02:6f:b8:c4:1a,,[ESS],2017-10-29 19:04:40,11,-92,32.10265788,35.20689525,683.706787109375,7.585000038146973,WIFI
00:1a:dd:e3:5e:65,,[ESS],2017-10-29 19:04:56,11,-85,32.10267676,35.2065705,679.8878173828125,10.618999481201172,WIFI
00:25:86:cb:fd:f8,,[ESS],2017-10-29 19:04:56,9,-90,32.10267676,35.2065705,679.8878173828125,10.618999481201172,WIFI
00:1a:dd:e3:5e:64,Wirless-Afikim,[ESS],2017-10-29 19:04:58,11,-65,32.10273583,35.20634477,680.547119140625,13.652999877929688,WIFI
00:1a:dd:e3:5e:65,,[ESS],2017-10-29 19:04:58,11,-66,32.10273583,35.20634477,680.547119140625,13.652999877929688,WIFI
42502_811_3868449,GOLAN T,UNKNOWN;il,2017-10-29 19:04:59,0,-113,32.10281946,35.20617478,678.480712890625,13.652999877929688,GSM
00:25:86:cb:fd:f8,,[ESS],2017-10-29 19:05:03,9,-90,32.10290585,35.20544065,675.805419921875,15.170000076293945,WIFI
a0:ab:1b:62:93:bc,Levin,[WPA2-PSK-CCMP][ESS],2017-10-29 19:05:03,8,-89,32.10290585,35.20544065,675.805419921875,15.170000076293945,WIFI
00:1a:dd:e3:5e:64,Wirless-Afikim,[ESS],2017-10-29 19:05:05,11,-90,32.10298509,35.20505287,673.694091796875,15.170000076293945,WIFI
00:1a:dd:e3:5e:65,,[ESS],2017-10-29 19:05:05,11,-90,32.10298509,35.20505287,673.694091796875,15.170000076293945,WIFI
74:da:38:a6:e0:ea,Roshaket,[WPA2-PSK-CCMP-preauth][WPS][ESS],2017-10-29 19:05:05,11,-90,32.10298509,35.20505287,673.694091796875,15.170000076293945,WIFI
42502_811_3868449,GOLAN T,UNKNOWN;il,2017-10-29 19:05:05,0,-113,32.10298509,35.20505287,673.694091796875,15.170000076293945,GSM
a0:ab:1b:62:93:bc,Levin,[WPA2-PSK-CCMP][ESS],2017-10-29 19:05:09,8,-89,32.10314849,35.20420192,669.8743896484375,12.13599967956543,WIFI
00:1a:dd:e3:5e:64,Wirless-Afikim,[ESS],2017-10-29 19:05:10,11,-90,32.10317068,35.20400142,670.0206298828125,10.618999481201172,WIFI
00:1a:dd:e3:5e:65,,[ESS],2017-10-29 19:05:10,11,-87,32.10317068,35.20400142,670.0206298828125,10.618999481201172,WIFI
74:da:38:a6:e0:ea,Roshaket,[WPA2-PSK-CCMP-preauth][WPS][ESS],2017-10-29 19:05:10,11,-90,32.10317068,35.20400142,670.0206298828125,10.618999481201172,WIFI
42502_811_3868449,GOLAN T,UNKNOWN;il,2017-10-29 19:05:10,0,-113,32.10317068,35.20400142,670.0206298828125,10.618999481201172,GSM
a0:ab:1b:62:93:bc,Levin,[WPA2-PSK-CCMP][ESS],2017-10-29 19:05:14,8,-89,32.10311631,35.20305916,671.854248046875,16.687000274658203,WIFI
8c:0c:90:2e:e7:d8,Ariel_University,[ESS],2017-10-29 19:05:14,1,-92,32.10311631,35.20305916,671.854248046875,16.687000274658203,WIFI
00:1a:dd:e3:5e:64,Wirless-Afikim,[ESS],2017-10-29 19:05:15,11,-90,32.10313557,35.20284706,671.6209716796875,18.203998565673828,WIFI
00:1a:dd:e3:5e:65,,[ESS],2017-10-29 19:05:15,11,-87,32.10313557,35.20284706,671.6209716796875,18.203998565673828,WIFI
74:da:38:a6:e0:ea,Roshaket,[WPA2-PSK-CCMP-preauth][WPS][ESS],2017-10-29 19:05:15,11,-90,32.10313557,35.20284706,671.6209716796875,18.203998565673828,WIFI
42502_811_3868449,GOLAN T,UNKNOWN;il,2017-10-29 19:05:15,0,-113,32.10313557,35.20284706,671.6209716796875,18.203998565673828,GSM
8c:0c:90:2e:e7:d8,Ariel_University,[ESS],2017-10-29 19:05:19,1,-92,32.10297889,35.2019489,670.021728515625,13.652999877929688,WIFI
8c:0c:90:2f:ca:18,Ariel_University,[ESS],2017-10-29 19:05:19,6,-90,32.10297889,35.2019489,670.021728515625,13.652999877929688,WIFI
24:c9:a1:35:ae:88,Ariel_University,[ESS],2017-10-29 19:05:19,6,-91,32.10297889,35.2019489,670.021728515625,13.652999877929688,WIFI
8c:0c:90:2e:f0:08,Ariel_University,[ESS],2017-10-29 19:05:19,1,-92,32.10297889,35.2019489,670.021728515625,13.652999877929688,WIFI
42502_811_3868449,GOLAN T,UNKNOWN;il,2017-10-29 19:05:20,0,-113,32.10295491,35.20171733,669.810791015625,12.13599967956543,GSM
00:1a:dd:f4:f6:24,,[ESS],2017-10-29 19:05:21,1,-90,32.1028813,35.20150548,669.42041015625,12.13599967956543,WIFI
14:ae:db:53:3f:15,tamir_bezeq,[WPA2-PSK-CCMP][ESS],2017-10-29 19:05:23,11,-90,32.10281604,35.20109153,663.436767578125,13.652999877929688,WIFI
8c:0c:90:2f:ca:18,Ariel_University,[ESS],2017-10-29 19:05:24,6,-90,32.10276121,35.2008791,662.921630859375,16.687000274658203,WIFI
24:c9:a1:35:ae:88,Ariel_University,[ESS],2017-10-29 19:05:24,6,-91,32.10276121,35.2008791,662.921630859375,16.687000274658203,WIFI
8c:0c:90:2e:f0:08,Ariel_University,[ESS],2017-10-29 19:05:24,1,-92,32.10276121,35.2008791,662.921630859375,16.687000274658203,WIFI
42502_811_3868449,GOLAN T,UNKNOWN;il,2017-10-29 19:05:25,0,-113,32.10268419,35.20065947,662.7333984375,21.237998962402344,GSM
00:1a:dd:f4:f6:24,,[ESS],2017-10-29 19:05:28,1,-71,32.10241174,35.19996481,682.3763427734375,31.856998443603516,WIFI
00:02:6f:8e:64:67,,[ESS],2017-10-29 19:05:28,1,-92,32.10241174,35.19996481,682.3763427734375,31.856998443603516,WIFI
14:ae:db:53:3f:15,tamir_bezeq,[WPA2-PSK-CCMP][ESS],2017-10-29 19:05:28,11,-90,32.10241174,35.19996481,682.3763427734375,31.856998443603516,WIFI
8c:0c:90:2f:ca:18,Ariel_University,[ESS],2017-10-29 19:05:30,6,-90,32.10213116,35.19940323,673.2958984375,21.237998962402344,WIFI
24:c9:a1:35:ae:88,Ariel_University,[ESS],2017-10-29 19:05:30,6,-91,32.10213116,35.19940323,673.2958984375,21.237998962402344,WIFI
8c:0c:90:2e:f0:08,Ariel_University,[ESS],2017-10-29 19:05:30,1,-92,32.10213116,35.19940323,673.2958984375,21.237998962402344,WIFI
42502_811_3868449,GOLAN T,UNKNOWN;il,2017-10-29 19:05:30,0,-113,32.10213116,35.19940323,673.2958984375,21.237998962402344,GSM
14:ae:db:4e:37:3d,haim25,[WPA-PSK-CCMP+TKIP][WPA2-PSK-CCMP+TKIP][WPS][ESS],2017-10-29 19:05:31,1,-91,32.1020298,35.19916796,669.6004638671875,18.203998565673828,WIFI
00:02:6f:8e:64:67,,[ESS],2017-10-29 19:05:33,1,-91,32.10185468,35.1987442,665.24560546875,19.720998764038086,WIFI
14:ae:db:53:3f:15,tamir_bezeq,[WPA2-PSK-CCMP][ESS],2017-10-29 19:05:33,11,-90,32.10185468,35.1987442,665.24560546875,19.720998764038086,WIFI
42502_811_3868449,GOLAN T,UNKNOWN;il,2017-10-29 19:05:35,0,-113,32.10168492,35.19827078,660.12109375,18.203998565673828,GSM
14:ae:db:4e:37:3d,haim25,[WPA-PSK-CCMP+TKIP][WPA2-PSK-CCMP+TKIP][WPS][ESS],2017-10-29 19:05:37,1,-91,32.10153836,35.19780846,656.0068359375,18.203998565673828,WIFI
00:02:6f:8e:64:67,,[ESS],2017-10-29 19:05:38,1,-95,32.10148616,35.19758761,655.55908203125,18.203998565673828,WIFI
42502_811_3868449,GOLAN T,UNKNOWN;il,2017-10-29 19:05:41,0,-113,32.10140362,35.19693437,652.5589599609375,18.203998565673828,GSM
00:02:6f:8e:64:67,,[ESS],2017-10-29 19:05:43,1,-95,32.10135784,35.19656597,650.165283203125,18.203998565673828,WIFI
10:be:f5:9e:cf:28,evgeny2,[WPA-PSK-CCMP][WPA2-PSK-CCMP][ESS],2017-10-29 19:05:47,5,-92,32.10129652,35.19596862,645.66552734375,19.720998764038086,WIFI
14:ae:db:b1:df:05,47223839,[WPA2-PSK-CCMP][ESS],2017-10-29 19:05:49,6,-91,32.10140182,35.19582583,643.90380859375,24.27199935913086,WIFI
06:ae:db:b1:df:05,BezeqFree,[WPA2-PSK-CCMP][ESS],2017-10-29 19:05:49,6,-92,32.10140182,35.19582583,643.90380859375,24.27199935913086,WIFI
42502_811_3868449,GOLAN T,UNKNOWN;il,2017-10-29 19:05:49,0,-113,32.10140182,35.19582583,643.90380859375,24.27199935913086,GSM
f8:e9:03:14:59:9f,KirilA7X_2.4,[WPA2-PSK-CCMP][ESS],2017-10-29 19:05:50,1,-95,32.10150401,35.19585569,643.38330078125,21.237998962402344,WIFI
00:02:6f:8e:64:67,,[ESS],2017-10-29 19:05:54,1,-92,32.10159586,35.19556168,641.7041015625,18.203998565673828,WIFI
20:22:33:44:61:18,TP-LINK_9D00_plus,[WPA-PSK-CCMP+TKIP][WPA2-PSK-CCMP+TKIP][WPS][ESS],2017-10-29 19:05:56,13,-75,32.10156145,35.19540782,639.3427734375,15.170000076293945,WIFI
06:ae:db:ba:a5:d5,BezeqFree,[WPA2-PSK-CCMP][ESS],2017-10-29 19:05:56,11,-79,32.10156145,35.19540782,639.3427734375,15.170000076293945,WIFI
50:fa:84:11:3c:3e,TP-LINK_3C3E,[WPA-PSK-CCMP][WPA2-PSK-CCMP][ESS],2017-10-29 19:05:56,13,-80,32.10156145,35.19540782,639.3427734375,15.170000076293945,WIFI
a0:ab:1b:58:62:34,olesechka,[WPA2-PSK-CCMP][ESS],2017-10-29 19:05:56,9,-82,32.10156145,35.19540782,639.3427734375,15.170000076293945,WIFI
00:78:9e:fa:41:fa,Ariel123,[WPA-PSK-CCMP+TKIP][WPA2-PSK-CCMP+TKIP][ESS],2017-10-29 19:05:56,13,-89,32.10156145,35.19540782,639.3427734375,15.170000076293945,WIFI
50:c7:bf:8a:9d:00,TP-LINK_9D00,[WPA2-PSK-CCMP+TKIP][WPS][ESS],2017-10-29 19:05:56,13,-89,32.10156145,35.19540782,639.3427734375,15.170000076293945,WIFI
14:ae:db:ba:a5:d5,Dolev_2.4,[WPA2-PSK-CCMP][ESS],2017-10-29 19:05:56,11,-90,32.10156145,35.19540782,639.3427734375,15.170000076293945,WIFI
14:ae:db:37:66:85,tamir10,[WPA2-PSK-CCMP][ESS],2017-10-29 19:05:56,7,-92,32.10156145,35.19540782,639.3427734375,15.170000076293945,WIFI
06:ae:db:37:66:85,BezeqFree,[WPA2-PSK-CCMP][ESS],2017-10-29 19:05:56,7,-92,32.10156145,35.19540782,639.3427734375,15.170000076293945,WIFI
c0:ac:54:f8:da:bf,Madlen,[WPA-PSK-CCMP+TKIP][WPA2-PSK-CCMP+TKIP][ESS],2017-10-29 19:05:56,1,-93,32.10156145,35.19540782,639.3427734375,15.170000076293945,WIFI
50:fa:84:11:3c:3e,TP-LINK_3C3E,[WPA-PSK-CCMP][WPA2-PSK-CCMP][ESS],2017-10-29 19:05:57,13,-75,32.10158326,35.1953026,639.053466796875,15.170000076293945,WIFI
14:ae:db:ba:a5:d5,Dolev_2.4,[WPA2-PSK-CCMP][ESS],2017-10-29 19:05:57,11,-81,32.10158326,35.1953026,639.053466796875,15.170000076293945,WIFI
14:ae:db:37:66:85,tamir10,[WPA2-PSK-CCMP][ESS],2017-10-29 19:05:57,7,-87,32.10158326,35.1953026,639.053466796875,15.170000076293945,WIFI
42502_811_3931936,GOLAN T,UNKNOWN;il,2017-10-29 19:05:57,0,-113,32.10158326,35.1953026,639.053466796875,15.170000076293945,GSM
90:8d:78:51:3d:a5,Sorinov.,[WPA2-PSK-CCMP][ESS],2017-10-29 19:05:58,9,-88,32.10162189,35.19520786,638.4189453125,13.652999877929688,WIFI
c0:ac:54:f8:da:bf,Madlen,[WPA-PSK-CCMP+TKIP][WPA2-PSK-CCMP+TKIP][ESS],2017-10-29 19:05:59,1,-87,32.10167743,35.19509042,639.733154296875,15.170000076293945,WIFI
10:be:f5:9e:cf:28,evgeny2,[WPA-PSK-CCMP][WPA2-PSK-CCMP][ESS],2017-10-29 19:06:00,5,-92,32.10174083,35.19496213,639.4957275390625,15.170000076293945,WIFI
10:be:f5:37:dc:d4,taspa ,[WPA2-PSK-CCMP][ESS],2017-10-29 19:06:00,11,-88,32.10174083,35.19496213,639.4957275390625,15.170000076293945,WIFI
7c:b7:33:97:43:68,Simchi,[WPA-PSK-CCMP+TKIP][WPA2-PSK-CCMP+TKIP][ESS],2017-10-29 19:06:00,13,-90,32.10174083,35.19496213,639.4957275390625,15.170000076293945,WIFI
06:ae:db:b1:df:05,BezeqFree,[WPA2-PSK-CCMP][ESS],2017-10-29 19:06:01,6,-91,32.10182578,35.19482259,636.989990234375,13.652999877929688,WIFI
54:64:d9:66:4c:d1,HOTFiber-D9F6,[WPA-PSK-CCMP+TKIP][WPA2-PSK-CCMP+TKIP][ESS],2017-10-29 19:06:01,6,-85,32.10182578,35.19482259,636.989990234375,13.652999877929688,WIFI
14:ae:db:b1:53:65,Igor_home,[WPA2-PSK-CCMP][ESS],2017-10-29 19:06:02,11,-80,32.10192961,35.19467261,634.869384765625,13.652999877929688,WIFI
06:ae:db:b1:53:65,BezeqFree,[WPA2-PSK-CCMP][ESS],2017-10-29 19:06:02,11,-85,32.10192961,35.19467261,634.869384765625,13.652999877929688,WIFI
00:02:6f:8e:64:67,,[ESS],2017-10-29 19:06:03,1,-91,32.10201683,35.19452172,631.8836669921875,13.652999877929688,WIFI
20:22:33:44:61:18,TP-LINK_9D00_plus,[WPA-PSK-CCMP+TKIP][WPA2-PSK-CCMP+TKIP][WPS][ESS],2017-10-29 19:06:04,13,-87,32.10209201,35.19435439,631.412109375,13.652999877929688,WIFI
06:ae:db:ba:a5:d5,BezeqFree,[WPA2-PSK-CCMP][ESS],2017-10-29 19:06:04,11,-79,32.10209201,35.19435439,631.412109375,13.652999877929688,WIFI
a0:ab:1b:58:62:34,olesechka,[WPA2-PSK-CCMP][ESS],2017-10-29 19:06:04,9,-82,32.10209201,35.19435439,631.412109375,13.652999877929688,WIFI
00:78:9e:fa:41:fa,Ariel123,[WPA-PSK-CCMP+TKIP][WPA2-PSK-CCMP+TKIP][ESS],2017-10-29 19:06:04,13,-89,32.10209201,35.19435439,631.412109375,13.652999877929688,WIFI
50:c7:bf:8a:9d:00,TP-LINK_9D00,[WPA2-PSK-CCMP+TKIP][WPS][ESS],2017-10-29 19:06:04,13,-89,32.10209201,35.19435439,631.412109375,13.652999877929688,WIFI
06:ae:db:37:66:85,BezeqFree,[WPA2-PSK-CCMP][ESS],2017-10-29 19:06:04,7,-92,32.10209201,35.19435439,631.412109375,13.652999877929688,WIFI
50:fa:84:11:3c:3e,TP-LINK_3C3E,[WPA-PSK-CCMP][WPA2-PSK-CCMP][ESS],2017-10-29 19:06:05,13,-90,32.10217633,35.19417894,630.359130859375,13.652999877929688,WIFI
14:ae:db:ba:a5:d5,Dolev_2.4,[WPA2-PSK-CCMP][ESS],2017-10-29 19:06:05,11,-81,32.10217633,35.19417894,630.359130859375,13.652999877929688,WIFI
14:ae:db:37:66:85,tamir10,[WPA2-PSK-CCMP][ESS],2017-10-29 19:06:05,7,-87,32.10217633,35.19417894,630.359130859375,13.652999877929688,WIFI
90:8d:78:51:3d:a5,Sorinov.,[WPA2-PSK-CCMP][ESS],2017-10-29 19:06:05,9,-88,32.10217633,35.19417894,630.359130859375,13.652999877929688,WIFI
42502_811_3931936,GOLAN T,UNKNOWN;il,2017-10-29 19:06:05,0,-113,32.10217633,35.19417894,630.359130859375,13.652999877929688,GSM
c0:ac:54:f8:da:bf,Madlen,[WPA-PSK-CCMP+TKIP][WPA2-PSK-CCMP+TKIP][ESS],2017-10-29 19:06:06,1,-87,32.10229376,35.19399755,627.60009765625,13.652999877929688,WIFI
e0:ce:c3:86:a6:04,HOTFiber-1990,[WPA-PSK-CCMP+TKIP][WPA2-PSK-CCMP+TKIP][ESS],2017-10-29 19:06:06,1,-84,32.10229376,35.19399755,627.60009765625,13.652999877929688,WIFI
14:ae:db:cf:a8:3d,KAY,[WPA-PSK-CCMP+TKIP][WPA2-PSK-CCMP+TKIP][WPS][ESS],2017-10-29 19:06:06,11,-86,32.10229376,35.19399755,627.60009765625,13.652999877929688,WIFI
a0:ab:1b:b7:a3:49,regina,[WPA-PSK-CCMP][WPA2-PSK-CCMP][ESS],2017-10-29 19:06:06,11,-89,32.10229376,35.19399755,627.60009765625,13.652999877929688,WIFI
10:be:f5:37:dc:d4,taspa ,[WPA2-PSK-CCMP][ESS],2017-10-29 19:06:07,11,-88,32.10239657,35.1938002,625.891845703125,13.652999877929688,WIFI
7c:b7:33:97:43:68,Simchi,[WPA-PSK-CCMP+TKIP][WPA2-PSK-CCMP+TKIP][ESS],2017-10-29 19:06:07,13,-90,32.10239657,35.1938002,625.891845703125,13.652999877929688,WIFI
54:64:d9:66:4c:d1,HOTFiber-D9F6,[WPA-PSK-CCMP+TKIP][WPA2-PSK-CCMP+TKIP][ESS],2017-10-29 19:06:07,6,-85,32.10239657,35.1938002,625.891845703125,13.652999877929688,WIFI
00:1f:1f:0d:23:57,,[WPA2-PSK-CCMP][ESS],2017-10-29 19:06:07,11,-71,32.10239657,35.1938002,625.891845703125,13.652999877929688,WIFI
a0:f3:c1:6c:c3:0a,,[WPA2-PSK-CCMP][WPS][ESS],2017-10-29 19:06:07,6,-88,32.10239657,35.1938002,625.891845703125,13.652999877929688,WIFI
c8:be:19:08:20:01,elikar,[WPA2-PSK-CCMP][ESS],2017-10-29 19:06:07,6,-92,32.10239657,35.1938002,625.891845703125,13.652999877929688,WIFI
6a:be:19:08:20:02,Bezeq Free 082000,[ESS],2017-10-29 19:06:07,6,-89,32.10239657,35.1938002,625.891845703125,13.652999877929688,WIFI
14:ae:db:b1:53:65,Igor_home,[WPA2-PSK-CCMP][ESS],2017-10-29 19:06:08,11,-88,32.1024801,35.19359702,626.262939453125,13.652999877929688,WIFI
06:ae:db:b1:53:65,BezeqFree,[WPA2-PSK-CCMP][ESS],2017-10-29 19:06:08,11,-85,32.1024801,35.19359702,626.262939453125,13.652999877929688,WIFI
14:ae:db:36:b1:fd,ayelet,[WPA2-PSK-CCMP][ESS],2017-10-29 19:06:08,6,-90,32.1024801,35.19359702,626.262939453125,13.652999877929688,WIFI
50:fa:84:11:3c:3e,TP-LINK_3C3E,[WPA-PSK-CCMP][WPA2-PSK-CCMP][ESS],2017-10-29 19:06:10,13,-90,32.10265318,35.19317069,625.629638671875,13.652999877929688,WIFI
42502_811_3931936,GOLAN T,UNKNOWN;il,2017-10-29 19:06:10,0,-113,32.10265318,35.19317069,625.629638671875,13.652999877929688,GSM
e0:ce:c3:86:a6:04,HOTFiber-1990,[WPA-PSK-CCMP+TKIP][WPA2-PSK-CCMP+TKIP][ESS],2017-10-29 19:06:11,1,-84,32.10273792,35.19294923,625.655029296875,15.170000076293945,WIFI
14:ae:db:cf:a8:3d,KAY,[WPA-PSK-CCMP+TKIP][WPA2-PSK-CCMP+TKIP][WPS][ESS],2017-10-29 19:06:11,11,-86,32.10273792,35.19294923,625.655029296875,15.170000076293945,WIFI
a0:ab:1b:b7:a3:49,regina,[WPA-PSK-CCMP][WPA2-PSK-CCMP][ESS],2017-10-29 19:06:11,11,-89,32.10273792,35.19294923,625.655029296875,15.170000076293945,WIFI
00:02:6f:8e:64:67,,[ESS],2017-10-29 19:06:11,1,-86,32.10273792,35.19294923,625.655029296875,15.170000076293945,WIFI
00:1f:1f:0d:23:57,,[WPA2-PSK-CCMP][ESS],2017-10-29 19:06:12,11,-71,32.10280791,35.19272152,625.83935546875,15.170000076293945,WIFI
a0:f3:c1:6c:c3:0a,,[WPA2-PSK-CCMP][WPS][ESS],2017-10-29 19:06:12,6,-88,32.10280791,35.19272152,625.83935546875,15.170000076293945,WIFI
c8:be:19:08:20:01,elikar,[WPA2-PSK-CCMP][ESS],2017-10-29 19:06:12,6,-92,32.10280791,35.19272152,625.83935546875,15.170000076293945,WIFI
6a:be:19:08:20:02,Bezeq Free 082000,[ESS],2017-10-29 19:06:12,6,-89,32.10280791,35.19272152,625.83935546875,15.170000076293945,WIFI
14:ae:db:b1:53:65,Igor_home,[WPA2-PSK-CCMP][ESS],2017-10-29 19:06:13,11,-88,32.10287575,35.19249312,626.24755859375,15.170000076293945,WIFI
14:ae:db:36:b1:fd,ayelet,[WPA2-PSK-CCMP][ESS],2017-10-29 19:06:13,6,-90,32.10287575,35.19249312,626.24755859375,15.170000076293945,WIFI
32:07:4d:9e:60:0b,AndroidAP,[WPA2-PSK-CCMP][ESS],2017-10-29 19:06:13,11,-89,32.10287575,35.19249312,626.24755859375,15.170000076293945,WIFI
00:02:6f:94:49:e7,MigdalToYovel,[WEP][ESS],2017-10-29 19:06:13,3,-91,32.10287575,35.19249312,626.24755859375,15.170000076293945,WIFI
42502_811_3931936,GOLAN T,UNKNOWN;il,2017-10-29 19:06:15,0,-113,32.10299791,35.19203132,627.315185546875,15.170000076293945,GSM
e0:ce:c3:86:a6:04,HOTFiber-1990,[WPA-PSK-CCMP+TKIP][WPA2-PSK-CCMP+TKIP][ESS],2017-10-29 19:06:16,1,-84,32.10305328,35.19180217,627.303466796875,15.170000076293945,WIFI
14:ae:db:cf:a8:3d,KAY,[WPA-PSK-CCMP+TKIP][WPA2-PSK-CCMP+TKIP][WPS][ESS],2017-10-29 19:06:16,11,-86,32.10305328,35.19180217,627.303466796875,15.170000076293945,WIFI
a0:ab:1b:b7:a3:49,regina,[WPA-PSK-CCMP][WPA2-PSK-CCMP][ESS],2017-10-29 19:06:16,11,-89,32.10305328,35.19180217,627.303466796875,15.170000076293945,WIFI
00:02:6f:8e:64:67,,[ESS],2017-10-29 19:06:16,1,-92,32.10305328,35.19180217,627.303466796875,15.170000076293945,WIFI
00:02:6f:94:49:e9,EnGenius1,[WEP][ESS],2017-10-29 19:06:16,8,-83,32.10305328,35.19180217,627.303466796875,15.170000076293945,WIFI
32:07:4d:9e:60:0b,AndroidAP,[WPA2-PSK-CCMP][ESS],2017-10-29 19:06:18,11,-89,32.10316749,35.19134596,626.2425537109375,15.170000076293945,WIFI
00:02:6f:94:49:e7,MigdalToYovel,[WEP][ESS],2017-10-29 19:06:18,3,-93,32.10316749,35.19134596,626.2425537109375,15.170000076293945,WIFI
c0:ff:d4:7a:e6:0f,bezeq123_2.4,[WPA2-PSK-CCMP][WPS][ESS],2017-10-29 19:06:19,1,-89,32.10320421,35.19111529,625.676025390625,15.170000076293945,WIFI
f8:ab:05:4c:e4:73,HOTFiber-ED4D,[WPA2-PSK-CCMP][ESS],2017-10-29 19:06:19,6,-91,32.10320421,35.19111529,625.676025390625,15.170000076293945,WIFI
c0:c1:c0:20:85:0b,SecondFloor,[WPA2-PSK-CCMP][WPS][ESS],2017-10-29 19:06:19,1,-91,32.10320421,35.19111529,625.676025390625,15.170000076293945,WIFI
62:ff:d4:7a:e6:0c,Bezeq Free,[ESS],2017-10-29 19:06:19,1,-89,32.10320421,35.19111529,625.676025390625,15.170000076293945,WIFI
a0:ab:1b:63:8d:44,maxsim14,[WPA2-PSK-CCMP][ESS],2017-10-29 19:06:20,1,-92,32.10324591,35.19089069,625.4931640625,15.170000076293945,WIFI
42502_811_3931936,GOLAN T,UNKNOWN;il,2017-10-29 19:06:20,0,-113,32.10324591,35.19089069,625.4931640625,15.170000076293945,GSM
00:02:6f:8e:64:67,,[ESS],2017-10-29 19:06:21,1,-92,32.10329522,35.19067221,625.526123046875,15.170000076293945,WIFI
00:02:6f:94:49:e9,EnGenius1,[WEP][ESS],2017-10-29 19:06:21,8,-83,32.10329522,35.19067221,625.526123046875,15.170000076293945,WIFI
14:ae:db:ce:66:c5,BEZEQINT-66C1,[WPA-PSK-CCMP+TKIP][WPA2-PSK-CCMP+TKIP][WPS][ESS],2017-10-29 19:06:21,6,-91,32.10329522,35.19067221,625.526123046875,15.170000076293945,WIFI
e8:94:f6:42:ae:62,navigator,[WPA2-PSK-TKIP][WPS][ESS],2017-10-29 19:06:21,3,-92,32.10329522,35.19067221,625.526123046875,15.170000076293945,WIFI
32:07:4d:9e:60:0b,AndroidAP,[WPA2-PSK-CCMP][ESS],2017-10-29 19:06:23,11,-89,32.10337043,35.19024993,626.32421875,4.550999641418457,WIFI
00:02:6f:94:49:e7,MigdalToYovel,[WEP][ESS],2017-10-29 19:06:23,3,-93,32.10337043,35.19024993,626.32421875,4.550999641418457,WIFI
3c:1e:04:03:38:49,nissenbaum,[WPA2-PSK-CCMP][ESS],2017-10-29 19:06:23,1,-91,32.10337043,35.19024993,626.32421875,4.550999641418457,WIFI
c0:ff:d4:7a:e6:0f,bezeq123_2.4,[WPA2-PSK-CCMP][WPS][ESS],2017-10-29 19:06:24,1,-89,32.103415,35.19003234,626.5966796875,6.067999839782715,WIFI
f8:ab:05:4c:e4:73,HOTFiber-ED4D,[WPA2-PSK-CCMP][ESS],2017-10-29 19:06:24,6,-91,32.103415,35.19003234,626.5966796875,6.067999839782715,WIFI
c0:c1:c0:20:85:0b,SecondFloor,[WPA2-PSK-CCMP][WPS][ESS],2017-10-29 19:06:24,1,-88,32.103415,35.19003234,626.5966796875,6.067999839782715,WIFI
62:ff:d4:7a:e6:0c,Bezeq Free,[ESS],2017-10-29 19:06:24,1,-89,32.103415,35.19003234,626.5966796875,6.067999839782715,WIFI
a0:ab:1b:63:8d:44,maxsim14,[WPA2-PSK-CCMP][ESS],2017-10-29 19:06:25,1,-92,32.10344475,35.18982974,627.466796875,4.550999641418457,WIFI
42502_811_3931936,GOLAN T,UNKNOWN;il,2017-10-29 19:06:25,0,-113,32.10344475,35.18982974,627.466796875,4.550999641418457,GSM
00:02:6f:8e:64:67,,[ESS],2017-10-29 19:06:26,1,-92,32.1034799,35.18961426,628.476806640625,4.550999641418457,WIFI
00:02:6f:94:49:e9,EnGenius1,[WEP][ESS],2017-10-29 19:06:26,8,-83,32.1034799,35.18961426,628.476806640625,4.550999641418457,WIFI
14:ae:db:ce:66:c5,BEZEQINT-66C1,[WPA-PSK-CCMP+TKIP][WPA2-PSK-CCMP+TKIP][WPS][ESS],2017-10-29 19:06:26,6,-91,32.1034799,35.18961426,628.476806640625,4.550999641418457,WIFI
e8:94:f6:42:ae:62,navigator,[WPA2-PSK-TKIP][WPS][ESS],2017-10-29 19:06:26,3,-92,32.1034799,35.18961426,628.476806640625,4.550999641418457,WIFI
00:02:6f:94:49:e7,MigdalToYovel,[WEP][ESS],2017-10-29 19:06:28,3,-93,32.10354842,35.18921181,628.636474609375,4.550999641418457,WIFI
3c:1e:04:03:38:49,nissenbaum,[WPA2-PSK-CCMP][ESS],2017-10-29 19:06:28,1,-91,32.10354842,35.18921181,628.636474609375,4.550999641418457,WIFI
c0:ff:d4:7a:e6:0f,bezeq123_2.4,[WPA2-PSK-CCMP][WPS][ESS],2017-10-29 19:06:30,1,-89,32.10360847,35.18881473,628.1549072265625,4.550999641418457,WIFI
f8:ab:05:4c:e4:73,HOTFiber-ED4D,[WPA2-PSK-CCMP][ESS],2017-10-29 19:06:30,6,-91,32.10360847,35.18881473,628.1549072265625,4.550999641418457,WIFI
c0:c1:c0:20:85:0b,SecondFloor,[WPA2-PSK-CCMP][WPS][ESS],2017-10-29 19:06:30,1,-88,32.10360847,35.18881473,628.1549072265625,4.550999641418457,WIFI
62:ff:d4:7a:e6:0c,Bezeq Free,[ESS],2017-10-29 19:06:30,1,-89,32.10360847,35.18881473,628.1549072265625,4.550999641418457,WIFI
a0:ab:1b:63:8d:44,maxsim14,[WPA2-PSK-CCMP][ESS],2017-10-29 19:06:30,1,-92,32.10360847,35.18881473,628.1549072265625,4.550999641418457,WIFI
14:ae:db:42:28:4d,BEZEQINT-Ivy,[WPA-PSK-CCMP+TKIP][WPA2-PSK-CCMP+TKIP][WPS][ESS],2017-10-29 19:06:30,11,-88,32.10360847,35.18881473,628.1549072265625,4.550999641418457,WIFI
00:cd:72:ce:bf:5a,orange-HJ8C1,[WPA-PSK-CCMP+TKIP][WPA2-PSK-CCMP+TKIP][ESS],2017-10-29 19:06:30,9,-85,32.10360847,35.18881473,628.1549072265625,4.550999641418457,WIFI
5a:ee:0c:3c:75:f1,BezeqFree,[WPA2-PSK-CCMP][ESS],2017-10-29 19:06:30,6,-90,32.10360847,35.18881473,628.1549072265625,4.550999641418457,WIFI
14:ae:db:3c:cc:b2,k&m,[WPA2-PSK-CCMP][ESS],2017-10-29 19:06:30,5,-90,32.10360847,35.18881473,628.1549072265625,4.550999641418457,WIFI
48:ee:0c:3c:75:f0,eduard,[WPA2-PSK-CCMP][ESS],2017-10-29 19:06:30,6,-91,32.10360847,35.18881473,628.1549072265625,4.550999641418457,WIFI
42502_811_3931936,GOLAN T,UNKNOWN;il,2017-10-29 19:06:30,0,-113,32.10360847,35.18881473,628.1549072265625,4.550999641418457,GSM
7c:b7:33:2d:d4:e7,Dani,[WPA-PSK-CCMP+TKIP][WPA2-PSK-CCMP+TKIP][ESS],2017-10-29 19:06:30,1,-91,32.10360847,35.18881473,628.1549072265625,4.550999641418457,WIFI
14:ae:db:ce:66:c5,BEZEQINT-66C1,[WPA-PSK-CCMP+TKIP][WPA2-PSK-CCMP+TKIP][WPS][ESS],2017-10-29 19:06:32,6,-91,32.10365721,35.18844407,628.42236328125,4.550999641418457,WIFI
e8:94:f6:42:ae:62,navigator,[WPA2-PSK-TKIP][WPS][ESS],2017-10-29 19:06:32,3,-92,32.10365721,35.18844407,628.42236328125,4.550999641418457,WIFI
48:ee:0c:3b:70:b1,Miri_and_Aya,[WPA-PSK-CCMP+TKIP][WPA2-PSK-CCMP+TKIP][ESS],2017-10-29 19:06:32,5,-85,32.10365721,35.18844407,628.42236328125,4.550999641418457,WIFI
a8:a7:95:4d:3f:6b,DIRECT-PXHP-PCmsLM,[WPA2-PSK-CCMP][WPS][ESS][P2P],2017-10-29 19:06:33,6,-84,32.10367687,35.18828545,628.675048828125,4.550999641418457,WIFI
14:ae:db:c1:1a:c5,Genady,[WPA2-PSK-CCMP][ESS],2017-10-29 19:06:33,11,-88,32.10367687,35.18828545,628.675048828125,4.550999641418457,WIFI
04:a1:51:c3:20:8a,swish_2.4,[WPA2-PSK-CCMP][WPS][ESS],2017-10-29 19:06:33,1,-88,32.10367687,35.18828545,628.675048828125,4.550999641418457,WIFI
14:ae:db:cf:d9:15,REINA,[WPA-PSK-CCMP+TKIP][WPA2-PSK-CCMP+TKIP][WPS][ESS],2017-10-29 19:06:33,11,-89,32.10367687,35.18828545,628.675048828125,4.550999641418457,WIFI
6c:19:8f:49:27:a0,KLEINER,[WPA2-PSK-CCMP][ESS],2017-10-29 19:06:33,6,-93,32.10367687,35.18828545,628.675048828125,4.550999641418457,WIFI
d0:0f:6d:f0:52:4f,avihay,[WPA-PSK-CCMP+TKIP][ESS],2017-10-29 19:06:33,7,-89,32.10367687,35.18828545,628.675048828125,4.550999641418457,WIFI
94:10:3e:a9:62:d6,egor,[WPA2-PSK-CCMP][WPS][ESS],2017-10-29 19:06:35,9,-81,32.10372976,35.18799001,628.2266845703125,4.550999641418457,WIFI
c4:12:f5:81:74:a6,egor,[WPA2-PSK-CCMP][ESS],2017-10-29 19:06:35,5,-83,32.10372976,35.18799001,628.2266845703125,4.550999641418457,WIFI
14:ae:db:b1:37:15,LEVY,[WPA2-PSK-CCMP][ESS],2017-10-29 19:06:35,11,-86,32.10372976,35.18799001,628.2266845703125,4.550999641418457,WIFI
06:ae:db:b1:37:15,BezeqFree,[WPA2-PSK-CCMP][ESS],2017-10-29 19:06:35,11,-87,32.10372976,35.18799001,628.2266845703125,4.550999641418457,WIFI
7c:03:4c:ff:4b:03,HOTBOX,[WPA-PSK-CCMP+TKIP][WPA2-PSK-CCMP+TKIP][ESS],2017-10-29 19:06:35,6,-88,32.10372976,35.18799001,628.2266845703125,4.550999641418457,WIFI
cc:b2:55:8f:ba:a9,Arnid_1,[WPA2-PSK-CCMP][ESS],2017-10-29 19:06:35,11,-91,32.10372976,35.18799001,628.2266845703125,4.550999641418457,WIFI
cc:b2:55:8f:ba:a9,Arnid_1,[WPA2-PSK-CCMP][ESS],2017-10-29 19:06:36,11,-84,32.10376502,35.18787651,628.5546875,6.067999839782715,WIFI
60:e3:27:e8:55:06,EithereySky,[WPA2-PSK-CCMP+TKIP][WPS][ESS],2017-10-29 19:06:37,13,-92,32.10370361,35.18789667,626.8916015625,6.067999839782715,WIFI
14:ae:db:b0:5e:95,aviad,[WPA2-PSK-CCMP][ESS],2017-10-29 19:06:38,1,-92,32.1037083,35.18782935,626.889404296875,6.067999839782715,WIFI
10:5a:f7:0b:c1:b9,Nikolau_2.4,[WPA2-PSK-CCMP][ESS],2017-10-29 19:06:38,1,-93,32.1037083,35.18782935,626.889404296875,6.067999839782715,WIFI
14:ae:db:42:28:4d,BEZEQINT-Ivy,[WPA-PSK-CCMP+TKIP][WPA2-PSK-CCMP+TKIP][WPS][ESS],2017-10-29 19:06:39,11,-91,32.10371205,35.18776189,626.981201171875,10.618999481201172,WIFI
00:cd:72:ce:bf:5a,orange-HJ8C1,[WPA-PSK-CCMP+TKIP][WPA2-PSK-CCMP+TKIP][ESS],2017-10-29 19:06:39,9,-85,32.10371205,35.18776189,626.981201171875,10.618999481201172,WIFI
5a:ee:0c:3c:75:f1,BezeqFree,[WPA2-PSK-CCMP][ESS],2017-10-29 19:06:39,6,-90,32.10371205,35.18776189,626.981201171875,10.618999481201172,WIFI
14:ae:db:3c:cc:b2,k&m,[WPA2-PSK-CCMP][ESS],2017-10-29 19:06:39,5,-90,32.10371205,35.18776189,626.981201171875,10.618999481201172,WIFI
48:ee:0c:3c:75:f0,eduard,[WPA2-PSK-CCMP][ESS],2017-10-29 19:06:39,6,-91,32.10371205,35.18776189,626.981201171875,10.618999481201172,WIFI
7c:b7:33:2d:d4:e7,Dani,[WPA-PSK-CCMP+TKIP][WPA2-PSK-CCMP+TKIP][ESS],2017-10-29 19:06:39,1,-91,32.10371205,35.18776189,626.981201171875,10.618999481201172,WIFI
20:0c:c8:0e:e4:63,Baruch_2.4GHz,[WPA2-PSK-CCMP][WPS][ESS],2017-10-29 19:06:39,1,-93,32.10371205,35.18776189,626.981201171875,10.618999481201172,WIFI
42502_811_3931936,GOLAN T,UNKNOWN;il,2017-10-29 19:06:39,0,-113,32.10371205,35.18776189,626.981201171875,10.618999481201172,GSM
6c:b0:ce:36:d6:75,tracknet,[WPA2-PSK-CCMP][WPS][ESS],2017-10-29 19:06:39,13,-91,32.10371205,35.18776189,626.981201171875,10.618999481201172,WIFI
60:e3:27:e8:55:06,EithereySky,[WPA2-PSK-CCMP+TKIP][WPS][ESS],2017-10-29 19:06:43,13,-78,32.10378283,35.18755732,623.716796875,13.652999877929688,WIFI
10:5a:f7:0b:c1:b9,Nikolau_2.4,[WPA2-PSK-CCMP][ESS],2017-10-29 19:06:43,1,-81,32.10378283,35.18755732,623.716796875,13.652999877929688,WIFI
84:26:15:f1:8b:b3,Renatush,[WPA2-PSK-CCMP][ESS],2017-10-29 19:06:43,1,-88,32.10378283,35.18755732,623.716796875,13.652999877929688,WIFI
14:ae:db:b6:ad:bd,Bezeq_WiFi,[ESS],2017-10-29 19:06:43,1,-83,32.10378283,35.18755732,623.716796875,13.652999877929688,WIFI
c0:ac:54:f7:6a:eb,Dima,[WPA-PSK-CCMP+TKIP][WPA2-PSK-CCMP+TKIP][ESS],2017-10-29 19:06:44,1,-88,32.10380166,35.18748586,624.338134765625,12.13599967956543,WIFI
bc:f6:85:0d:06:62,PESAH,[WPA2-PSK-CCMP][ESS],2017-10-29 19:06:44,8,-89,32.10380166,35.18748586,624.338134765625,12.13599967956543,WIFI
62:f1:df:9f:24:c2,Bezeq Free 9F24C0,[ESS],2017-10-29 19:06:44,11,-90,32.10380166,35.18748586,624.338134765625,12.13599967956543,WIFI
ac:f1:df:9f:24:c1,PillMan1,[WPA-PSK-CCMP][ESS],2017-10-29 19:06:45,11,-85,32.10381631,35.18740987,621.01416015625,9.101999282836914,WIFI
c4:a8:1d:12:a6:f5,-Yemelyanov-,[WPA2-PSK-CCMP][ESS],2017-10-29 19:06:45,6,-90,32.10381631,35.18740987,621.01416015625,9.101999282836914,WIFI
20:0c:c8:0e:e4:63,Baruch_2.4GHz,[WPA2-PSK-CCMP][WPS][ESS],2017-10-29 19:06:46,1,-87,32.10381793,35.18733804,620.888671875,6.067999839782715,WIFI
c4:12:f5:f6:3f:f6,Yuri,[WPA2-PSK-CCMP][ESS],2017-10-29 19:06:46,11,-86,32.10381793,35.18733804,620.888671875,6.067999839782715,WIFI
14:ae:db:c1:1a:c5,Genady,[WPA2-PSK-CCMP][ESS],2017-10-29 19:06:47,11,-90,32.10381249,35.18727903,620.220947265625,7.585000038146973,WIFI
10:5a:f7:0b:c1:b9,Nikolau_2.4,[WPA2-PSK-CCMP][ESS],2017-10-29 19:06:47,1,-72,32.10381249,35.18727903,620.220947265625,7.585000038146973,WIFI
e8:94:f6:f3:5b:32,TP-LINK_F35B32,[WPA2-PSK-CCMP][WPS][ESS],2017-10-29 19:06:50,10,-75,32.10379798,35.18700225,618.638916015625,4.550999641418457,WIFI
c4:a8:1d:13:ff:2c,Eli1_2.4,[WPA2-PSK-CCMP][ESS],2017-10-29 19:06:50,11,-82,32.10379798,35.18700225,618.638916015625,4.550999641418457,WIFI
14:ae:db:b1:37:15,LEVY,[WPA2-PSK-CCMP][ESS],2017-10-29 19:06:51,11,-85,32.10380164,35.18688246,618.52099609375,6.067999839782715,WIFI
06:ae:db:b1:37:15,BezeqFree,[WPA2-PSK-CCMP][ESS],2017-10-29 19:06:51,11,-86,32.10380164,35.18688246,618.52099609375,6.067999839782715,WIFI
c4:12:f5:f6:3f:f6,Yuri,[WPA2-PSK-CCMP][ESS],2017-10-29 19:06:51,11,-80,32.10380164,35.18688246,618.52099609375,6.067999839782715,WIFI
c8:be:19:09:d6:81,sapirVahanun-2,[WPA2-PSK-CCMP][ESS],2017-10-29 19:06:51,6,-90,32.10380164,35.18688246,618.52099609375,6.067999839782715,WIFI
5a:be:19:09:d6:82,Bezeq Free,[ESS],2017-10-29 19:06:51,6,-91,32.10380164,35.18688246,618.52099609375,6.067999839782715,WIFI
e8:94:f6:f3:5b:32,TP-LINK_F35B32,[WPA2-PSK-CCMP][WPS][ESS],2017-10-29 19:06:52,10,-64,32.10380562,35.1867517,617.705810546875,6.067999839782715,WIFI
e8:cc:18:ec:ad:cd,Zaga,[WPA2-PSK-CCMP][ESS],2017-10-29 19:06:52,6,-89,32.10380562,35.1867517,617.705810546875,6.067999839782715,WIFI
42502_811_3931936,GOLAN T,UNKNOWN;il,2017-10-29 19:06:52,0,-113,32.10380562,35.1867517,617.705810546875,6.067999839782715,GSM
6c:b0:ce:2e:9d:2a,Gross_2.4,[WPS][ESS],2017-10-29 19:06:53,1,-92,32.10378223,35.18658527,617.03662109375,4.550999641418457,WIFI
60:e3:27:e8:55:06,EithereySky,[WPA2-PSK-CCMP+TKIP][WPS][ESS],2017-10-29 19:06:54,13,-92,32.10377248,35.18643603,616.5531005859375,4.550999641418457,WIFI
84:26:15:f1:8b:b3,Renatush,[WPA2-PSK-CCMP][ESS],2017-10-29 19:06:54,1,-89,32.10377248,35.18643603,616.5531005859375,4.550999641418457,WIFI
14:ae:db:b6:ad:bd,Bezeq_WiFi,[ESS],2017-10-29 19:06:54,1,-88,32.10377248,35.18643603,616.5531005859375,4.550999641418457,WIFI
c0:ac:54:f7:6a:eb,Dima,[WPA-PSK-CCMP+TKIP][WPA2-PSK-CCMP+TKIP][ESS],2017-10-29 19:06:54,1,-88,32.10377248,35.18643603,616.5531005859375,4.550999641418457,WIFI
bc:f6:85:0d:06:62,PESAH,[WPA2-PSK-CCMP][ESS],2017-10-29 19:06:54,8,-89,32.10377248,35.18643603,616.5531005859375,4.550999641418457,WIFI
62:f1:df:9f:24:c2,Bezeq Free 9F24C0,[ESS],2017-10-29 19:06:54,11,-86,32.10377248,35.18643603,616.5531005859375,4.550999641418457,WIFI
c4:e9:84:22:50:fa,Gross10,[WPA2-PSK-CCMP][WPS][ESS],2017-10-29 19:06:54,10,-79,32.10377248,35.18643603,616.5531005859375,4.550999641418457,WIFI
c4:12:f5:81:c8:44,igor_2.4,[WPA2-PSK-CCMP][ESS],2017-10-29 19:06:54,1,-88,32.10377248,35.18643603,616.5531005859375,4.550999641418457,WIFI
10:be:f5:40:b1:7e,yorak,[WPA2-PSK-CCMP][ESS],2017-10-29 19:06:54,2,-91,32.10377248,35.18643603,616.5531005859375,4.550999641418457,WIFI
10:5a:f7:0b:c1:b9,Nikolau_2.4,[WPA2-PSK-CCMP][ESS],2017-10-29 19:06:55,1,-87,32.10376399,35.18627327,616.0345458984375,4.550999641418457,WIFI
20:0c:c8:0e:e4:63,Baruch_2.4GHz,[WPA2-PSK-CCMP][WPS][ESS],2017-10-29 19:06:55,1,-87,32.10376399,35.18627327,616.0345458984375,4.550999641418457,WIFI
ac:f1:df:9f:24:c1,PillMan1,[WPA-PSK-CCMP][ESS],2017-10-29 19:06:55,11,-85,32.10376399,35.18627327,616.0345458984375,4.550999641418457,WIFI
c4:a8:1d:12:a6:f5,-Yemelyanov-,[WPA2-PSK-CCMP][ESS],2017-10-29 19:06:55,6,-86,32.10376399,35.18627327,616.0345458984375,4.550999641418457,WIFI
06:ae:db:3a:67:95,BezeqFree,[WPA2-PSK-CCMP][ESS],2017-10-29 19:06:56,6,-89,32.10374774,35.186101,615.8172607421875,4.550999641418457,WIFI
d4:6e:0e:3b:9b:7f,Genezia,[WPA2-PSK-CCMP+TKIP][WPS][ESS],2017-10-29 19:06:56,6,-91,32.10374774,35.186101,615.8172607421875,4.550999641418457,WIFI
c4:a8:1d:13:ff:2c,Eli1_2.4,[WPA2-PSK-CCMP][ESS],2017-10-29 19:06:57,11,-82,32.10373788,35.18592967,615.9937744140625,4.550999641418457,WIFI
14:ae:db:3a:67:95,hom-betuel,[WPA2-PSK-CCMP][ESS],2017-10-29 19:06:57,6,-85,32.10373788,35.18592967,615.9937744140625,4.550999641418457,WIFI
d4:d1:84:fe:87:a1,gershnov,[WPA2-PSK-CCMP][ESS],2017-10-29 19:06:57,11,-87,32.10373788,35.18592967,615.9937744140625,4.550999641418457,WIFI
14:ae:db:42:81:25,BEZEQINT-8121,[WPA-PSK-CCMP+TKIP][WPA2-PSK-CCMP+TKIP][WPS][ESS],2017-10-29 19:06:57,1,-90,32.10373788,35.18592967,615.9937744140625,4.550999641418457,WIFI
78:d9:9f:f1:45:f6,Yair_2GExt,[WPA2-PSK-CCMP][WPS][ESS],2017-10-29 19:06:57,1,-90,32.10373788,35.18592967,615.9937744140625,4.550999641418457,WIFI
40:65:a3:23:fa:37,Barak-WiFi,[WPA-PSK-CCMP+TKIP][WPA2-PSK-CCMP+TKIP][ESS],2017-10-29 19:06:57,1,-94,32.10373788,35.18592967,615.9937744140625,4.550999641418457,WIFI
c4:12:f5:f6:3f:f6,Yuri,[WPA2-PSK-CCMP][ESS],2017-10-29 19:06:58,11,-80,32.10371682,35.18574769,616.0145263671875,4.550999641418457,WIFI
e8:94:f6:f3:5b:32,TP-LINK_F35B32,[WPA2-PSK-CCMP][WPS][ESS],2017-10-29 19:06:58,10,-83,32.10371682,35.18574769,616.0145263671875,4.550999641418457,WIFI
c8:be:19:09:d6:81,sapirVahanun-2,[WPA2-PSK-CCMP][ESS],2017-10-29 19:06:58,6,-90,32.10371682,35.18574769,616.0145263671875,4.550999641418457,WIFI
5a:be:19:09:d6:82,Bezeq Free,[ESS],2017-10-29 19:06:58,6,-90,32.10371682,35.18574769,616.0145263671875,4.550999641418457,WIFI
e8:cc:18:ec:ad:cd,Zaga,[WPA2-PSK-CCMP][ESS],2017-10-29 19:06:58,6,-86,32.10371682,35.18574769,616.0145263671875,4.550999641418457,WIFI
ac:f1:df:9f:a6:59,Genezia,[WPA2-PSK-CCMP][ESS],2017-10-29 19:06:58,6,-91,32.10371682,35.18574769,616.0145263671875,4.550999641418457,WIFI
42502_811_3931936,GOLAN T,UNKNOWN;il,2017-10-29 19:06:58,0,-113,32.10371682,35.18574769,616.0145263671875,4.550999641418457,GSM
6c:b0:ce:2e:9d:2a,Gross_2.4,[WPS][ESS],2017-10-29 19:06:59,1,-92,32.10368796,35.18556616,616.238525390625,4.550999641418457,WIFI
14:ae:db:be:32:b2,###VIRUS 2.4###,[WPA2-PSK-CCMP][ESS],2017-10-29 19:06:59,5,-90,32.10368796,35.18556616,616.238525390625,4.550999641418457,WIFI
14:ae:db:c5:50:ba,Kozvin_2,[WPA2-PSK-CCMP][ESS],2017-10-29 19:06:59,2,-90,32.10368796,35.18556616,616.238525390625,4.550999641418457,WIFI
c4:e9:84:22:50:fa,Gross10,[WPA2-PSK-CCMP][WPS][ESS],2017-10-29 19:07:00,10,-79,32.10366581,35.18537237,615.453125,4.550999641418457,WIFI
c4:12:f5:81:c8:44,igor_2.4,[WPA2-PSK-CCMP][ESS],2017-10-29 19:07:00,1,-88,32.10366581,35.18537237,615.453125,4.550999641418457,WIFI
10:be:f5:40:b1:7e,yorak,[WPA2-PSK-CCMP][ESS],2017-10-29 19:07:00,2,-91,32.10366581,35.18537237,615.453125,4.550999641418457,WIFI
a0:ab:1b:5e:6c:1a,Home WIFI,[WPA2-PSK-CCMP][ESS],2017-10-29 19:07:00,3,-86,32.10366581,35.18537237,615.453125,4.550999641418457,WIFI
80:3f:5d:9c:90:d2,Wifi-Repeater,[WPA2-PSK-CCMP][WPS][ESS],2017-10-29 19:07:00,6,-91,32.10366581,35.18537237,615.453125,4.550999641418457,WIFI
10:5a:f7:0b:c1:b9,Nikolau_2.4,[WPA2-PSK-CCMP][ESS],2017-10-29 19:07:01,1,-87,32.103632,35.18517216,615.1031494140625,4.550999641418457,WIFI
14:ae:db:42:81:25,BEZEQINT-8121,[WPA-PSK-CCMP+TKIP][WPA2-PSK-CCMP+TKIP][WPS][ESS],2017-10-29 19:07:01,1,-80,32.103632,35.18517216,615.1031494140625,4.550999641418457,WIFI
00:26:5a:22:9c:52,Ofer_wifi_AP,[WPA-PSK-CCMP][WPA2-PSK-CCMP][ESS],2017-10-29 19:07:01,11,-87,32.103632,35.18517216,615.1031494140625,4.550999641418457,WIFI
7c:03:4c:fe:f5:34,HADAD,[WPA-PSK-CCMP+TKIP][WPA2-PSK-CCMP+TKIP][ESS],2017-10-29 19:07:01,11,-89,32.103632,35.18517216,615.1031494140625,4.550999641418457,WIFI
44:6e:e5:67:91:3d,Partner-4G-913D,[WPA2-PSK-CCMP][ESS],2017-10-29 19:07:01,6,-92,32.103632,35.18517216,615.1031494140625,4.550999641418457,WIFI
06:ae:db:3a:67:95,BezeqFree,[WPA2-PSK-CCMP][ESS],2017-10-29 19:07:02,6,-87,32.10359845,35.18497163,615.37060546875,4.550999641418457,WIFI
d4:6e:0e:3b:9b:7f,Genezia,[WPA2-PSK-CCMP+TKIP][WPS][ESS],2017-10-29 19:07:02,6,-88,32.10359845,35.18497163,615.37060546875,4.550999641418457,WIFI
f4:f2:6d:5e:95:e5,home2020,[WPA-PSK-CCMP+TKIP][WPA2-PSK-CCMP+TKIP][WPS][ESS],2017-10-29 19:07:02,11,-86,32.10359845,35.18497163,615.37060546875,4.550999641418457,WIFI
24:20:c7:38:a9:ca,Yaelaf,[WPA-PSK-CCMP+TKIP][WPA2-PSK-CCMP+TKIP][ESS],2017-10-29 19:07:02,6,-89,32.10359845,35.18497163,615.37060546875,4.550999641418457,WIFI
14:ae:db:3a:67:95,hom-betuel,[WPA2-PSK-CCMP][ESS],2017-10-29 19:07:03,6,-85,32.10356546,35.18476312,614.97900390625,4.550999641418457,WIFI
d4:d1:84:fe:87:a1,gershnov,[WPA2-PSK-CCMP][ESS],2017-10-29 19:07:03,11,-87,32.10356546,35.18476312,614.97900390625,4.550999641418457,WIFI
78:d9:9f:f1:45:f6,Yair_2GExt,[WPA2-PSK-CCMP][WPS][ESS],2017-10-29 19:07:03,1,-90,32.10356546,35.18476312,614.97900390625,4.550999641418457,WIFI
40:65:a3:23:fa:37,Barak-WiFi,[WPA-PSK-CCMP+TKIP][WPA2-PSK-CCMP+TKIP][ESS],2017-10-29 19:07:03,1,-94,32.10356546,35.18476312,614.97900390625,4.550999641418457,WIFI
44:6e:e5:67:91:3d,Partner-4G-913D,[WPA2-PSK-CCMP][ESS],2017-10-29 19:07:03,6,-86,32.10356546,35.18476312,614.97900390625,4.550999641418457,WIFI
e8:94:f6:f3:5b:32,TP-LINK_F35B32,[WPA2-PSK-CCMP][WPS][ESS],2017-10-29 19:07:04,10,-83,32.10353157,35.18455496,613.9525146484375,4.550999641418457,WIFI
ac:f1:df:9f:a6:59,Genezia,[WPA2-PSK-CCMP][ESS],2017-10-29 19:07:04,6,-90,32.10353157,35.18455496,613.9525146484375,4.550999641418457,WIFI
14:ae:db:be:32:b2,###VIRUS 2.4###,[WPA2-PSK-CCMP][ESS],2017-10-29 19:07:04,5,-86,32.10353157,35.18455496,613.9525146484375,4.550999641418457,WIFI
14:ae:db:c5:50:ba,Kozvin_2,[WPA2-PSK-CCMP][ESS],2017-10-29 19:07:04,2,-86,32.10353157,35.18455496,613.9525146484375,4.550999641418457,WIFI
a4:08:f5:23:3a:07,HOT-555,[WPA2-PSK-CCMP][ESS],2017-10-29 19:07:04,11,-90,32.10353157,35.18455496,613.9525146484375,4.550999641418457,WIFI
42502_811_3931936,GOLAN T,UNKNOWN;il,2017-10-29 19:07:04,0,-113,32.10353157,35.18455496,613.9525146484375,4.550999641418457,GSM
a0:ab:1b:5e:6c:1a,Home WIFI,[WPA2-PSK-CCMP][ESS],2017-10-29 19:07:05,3,-86,32.10349494,35.18434129,613.4921875,4.550999641418457,WIFI
80:3f:5d:9c:90:d2,Wifi-Repeater,[WPA2-PSK-CCMP][WPS][ESS],2017-10-29 19:07:05,6,-91,32.10349494,35.18434129,613.4921875,4.550999641418457,WIFI
14:ae:db:42:81:25,BEZEQINT-8121,[WPA-PSK-CCMP+TKIP][WPA2-PSK-CCMP+TKIP][WPS][ESS],2017-10-29 19:07:06,1,-88,32.10344901,35.18412679,613.2469482421875,4.550999641418457,WIFI
00:26:5a:22:9c:52,Ofer_wifi_AP,[WPA-PSK-CCMP][WPA2-PSK-CCMP][ESS],2017-10-29 19:07:06,11,-87,32.10344901,35.18412679,613.2469482421875,4.550999641418457,WIFI
7c:03:4c:fe:f5:34,HADAD,[WPA-PSK-CCMP+TKIP][WPA2-PSK-CCMP+TKIP][ESS],2017-10-29 19:07:06,11,-88,32.10344901,35.18412679,613.2469482421875,4.550999641418457,WIFI
f8:23:b2:8a:88:9d,My_Sweet_Home,[WPA-PSK-CCMP+TKIP][WPA2-PSK-CCMP+TKIP][ESS],2017-10-29 19:07:06,4,-93,32.10344901,35.18412679,613.2469482421875,4.550999641418457,WIFI
06:ae:db:3a:67:95,BezeqFree,[WPA2-PSK-CCMP][ESS],2017-10-29 19:07:07,6,-87,32.10338977,35.18391837,612.335693359375,4.550999641418457,WIFI
d4:6e:0e:3b:9b:7f,Genezia,[WPA2-PSK-CCMP+TKIP][WPS][ESS],2017-10-29 19:07:07,6,-88,32.10338977,35.18391837,612.335693359375,4.550999641418457,WIFI
f4:f2:6d:5e:95:e5,home2020,[WPA-PSK-CCMP+TKIP][WPA2-PSK-CCMP+TKIP][WPS][ESS],2017-10-29 19:07:07,11,-86,32.10338977,35.18391837,612.335693359375,4.550999641418457,WIFI
24:20:c7:38:a9:ca,Yaelaf,[WPA-PSK-CCMP+TKIP][WPA2-PSK-CCMP+TKIP][ESS],2017-10-29 19:07:07,6,-89,32.10338977,35.18391837,612.335693359375,4.550999641418457,WIFI
14:ae:db:3a:67:95,hom-betuel,[WPA2-PSK-CCMP][ESS],2017-10-29 19:07:08,6,-85,32.1033335,35.18369249,611.16455078125,4.550999641418457,WIFI
d4:d1:84:fe:87:a1,gershnov,[WPA2-PSK-CCMP][ESS],2017-10-29 19:07:08,11,-87,32.1033335,35.18369249,611.16455078125,4.550999641418457,WIFI
78:d9:9f:f1:45:f6,Yair_2GExt,[WPA2-PSK-CCMP][WPS][ESS],2017-10-29 19:07:08,1,-90,32.1033335,35.18369249,611.16455078125,4.550999641418457,WIFI
40:65:a3:23:fa:37,Barak-WiFi,[WPA-PSK-CCMP+TKIP][WPA2-PSK-CCMP+TKIP][ESS],2017-10-29 19:07:08,1,-94,32.1033335,35.18369249,611.16455078125,4.550999641418457,WIFI
44:6e:e5:67:91:3d,Partner-4G-913D,[WPA2-PSK-CCMP][ESS],2017-10-29 19:07:08,6,-86,32.1033335,35.18369249,611.16455078125,4.550999641418457,WIFI
14:ae:db:c5:50:ba,Kozvin_2,[WPA2-PSK-CCMP][ESS],2017-10-29 19:07:10,2,-86,32.10321756,35.18324064,607.9814453125,4.550999641418457,WIFI
a0:ab:1b:5e:6c:1a,Home WIFI,[WPA2-PSK-CCMP][ESS],2017-10-29 19:07:10,3,-86,32.10321756,35.18324064,607.9814453125,4.550999641418457,WIFI
a4:08:f5:23:3a:07,HOT-555,[WPA2-PSK-CCMP][ESS],2017-10-29 19:07:10,11,-90,32.10321756,35.18324064,607.9814453125,4.550999641418457,WIFI
42502_811_3931936,GOLAN T,UNKNOWN;il,2017-10-29 19:07:10,0,-113,32.10321756,35.18324064,607.9814453125,4.550999641418457,GSM
14:ae:db:42:81:25,BEZEQINT-8121,[WPA-PSK-CCMP+TKIP][WPA2-PSK-CCMP+TKIP][WPS][ESS],2017-10-29 19:07:12,1,-88,32.10307518,35.18279314,605.75146484375,4.550999641418457,WIFI
7c:03:4c:fe:f5:34,HADAD,[WPA-PSK-CCMP+TKIP][WPA2-PSK-CCMP+TKIP][ESS],2017-10-29 19:07:12,11,-88,32.10307518,35.18279314,605.75146484375,4.550999641418457,WIFI
f4:f2:6d:5e:95:e5,home2020,[WPA-PSK-CCMP+TKIP][WPA2-PSK-CCMP+TKIP][WPS][ESS],2017-10-29 19:07:12,11,-86,32.10307518,35.18279314,605.75146484375,4.550999641418457,WIFI
24:20:c7:38:a9:ca,Yaelaf,[WPA-PSK-CCMP+TKIP][WPA2-PSK-CCMP+TKIP][ESS],2017-10-29 19:07:12,6,-89,32.10307518,35.18279314,605.75146484375,4.550999641418457,WIFI
f8:23:b2:8a:88:9d,My_Sweet_Home,[WPA-PSK-CCMP+TKIP][WPA2-PSK-CCMP+TKIP][ESS],2017-10-29 19:07:12,4,-93,32.10307518,35.18279314,605.75146484375,4.550999641418457,WIFI
44:6e:e5:67:91:3d,Partner-4G-913D,[WPA2-PSK-CCMP][ESS],2017-10-29 19:07:14,6,-86,32.10290539,35.18234978,603.4400634765625,4.550999641418457,WIFI
a0:ab:1b:59:25:de,prins,[WPA2-PSK-CCMP][ESS],2017-10-29 19:07:14,8,-90,32.10290539,35.18234978,603.4400634765625,4.550999641418457,WIFI
10:5a:f7:06:40:e2,Lizx_2.4,[WPA2-PSK-CCMP][ESS],2017-10-29 19:07:16,1,-91,32.10276964,35.18188663,600.791015625,4.550999641418457,WIFI
c4:12:f5:7f:42:ea,homear,[WPA2-PSK-CCMP][ESS],2017-10-29 19:07:16,2,-90,32.10276964,35.18188663,600.791015625,4.550999641418457,WIFI
5a:12:f5:7f:42:eb,BezeqFree,[WPA2-PSK-CCMP][ESS],2017-10-29 19:07:16,2,-91,32.10276964,35.18188663,600.791015625,4.550999641418457,WIFI
b8:a3:86:0a:7d:4a,yoni,[WPA2-PSK-CCMP+TKIP][ESS],2017-10-29 19:07:16,6,-91,32.10276964,35.18188663,600.791015625,4.550999641418457,WIFI
42502_811_3931936,GOLAN T,UNKNOWN;il,2017-10-29 19:07:16,0,-113,32.10276964,35.18188663,600.791015625,4.550999641418457,GSM
a0:ab:1b:59:25:de,prins,[WPA2-PSK-CCMP][ESS],2017-10-29 19:07:19,8,-90,32.10266974,35.18119954,599.305419921875,6.067999839782715,WIFI
00:02:6f:b8:c4:1a,,[ESS],2017-10-29 19:07:20,11,-91,32.1026171,35.18099365,597.29833984375,6.067999839782715,WIFI
10:5a:f7:06:40:e2,Lizx_2.4,[WPA2-PSK-CCMP][ESS],2017-10-29 19:07:22,1,-91,32.10257621,35.18055927,594.8544921875,7.585000038146973,WIFI
c4:12:f5:7f:42:ea,homear,[WPA2-PSK-CCMP][ESS],2017-10-29 19:07:22,2,-90,32.10257621,35.18055927,594.8544921875,7.585000038146973,WIFI
5a:12:f5:7f:42:eb,BezeqFree,[WPA2-PSK-CCMP][ESS],2017-10-29 19:07:22,2,-91,32.10257621,35.18055927,594.8544921875,7.585000038146973,WIFI
b8:a3:86:0a:7d:4a,yoni,[WPA2-PSK-CCMP+TKIP][ESS],2017-10-29 19:07:22,6,-91,32.10257621,35.18055927,594.8544921875,7.585000038146973,WIFI
28:6c:07:98:de:43,WWW,[WPA-PSK-CCMP+TKIP][WPA2-PSK-CCMP+TKIP][WPS][ESS],2017-10-29 19:07:22,1,-83,32.10257621,35.18055927,594.8544921875,7.585000038146973,WIFI
84:16:f9:7d:38:5f,TP-LINK_385F,[WPA-PSK-CCMP][WPA2-PSK-CCMP][WPS][ESS],2017-10-29 19:07:22,11,-89,32.10257621,35.18055927,594.8544921875,7.585000038146973,WIFI
14:af:db:31:56:fa,BezeqFree,[WPA2-PSK-CCMP][ESS],2017-10-29 19:07:22,7,-91,32.10257621,35.18055927,594.8544921875,7.585000038146973,WIFI
42502_811_3931936,GOLAN T,UNKNOWN;il,2017-10-29 19:07:22,0,-113,32.10257621,35.18055927,594.8544921875,7.585000038146973,GSM
06:ae:db:3a:08:e5,BezeqFree,[WPA2-PSK-CCMP][ESS],2017-10-29 19:07:23,11,-89,32.10257607,35.18037217,595.323486328125,9.101999282836914,WIFI
14:ae:db:c8:5a:5d,luba,[WPA2-PSK-CCMP][ESS],2017-10-29 19:07:23,11,-92,32.10257607,35.18037217,595.323486328125,9.101999282836914,WIFI
08:3e:5d:5b:db:bb,hotbar,[WPA-PSK-CCMP+TKIP][WPA2-PSK-CCMP+TKIP][ESS],2017-10-29 19:07:24,1,-91,32.10260432,35.1802416,593.1650390625,7.585000038146973,WIFI
f8:e9:03:11:9a:49,URI10-2.4,[WPA2-PSK-CCMP][ESS],2017-10-29 19:07:24,1,-93,32.10260432,35.1802416,593.1650390625,7.585000038146973,WIFI
d4:ca:6d:12:aa:ba,Egged.co.il,[ESS],2017-10-29 19:07:24,1,-83,32.10260432,35.1802416,593.1650390625,7.585000038146973,WIFI
00:90:8f:7d:f0:1c,Doron-012,[WPA-PSK-CCMP][WPA2-PSK-CCMP][ESS],2017-10-29 19:07:25,3,-92,32.10258246,35.18014183,591.20166015625,6.067999839782715,WIFI
00:02:6f:b8:c4:1a,,[ESS],2017-10-29 19:07:27,11,-91,32.10258794,35.1799178,592.447021484375,7.585000038146973,WIFI
80:1f:02:e8:33:9c,BSPOT32DB_2EX,[WPA2-PSK-CCMP][WPS][ESS],2017-10-29 19:07:27,1,-92,32.10258794,35.1799178,592.447021484375,7.585000038146973,WIFI
84:16:f9:7d:38:5f,TP-LINK_385F,[WPA-PSK-CCMP][WPA2-PSK-CCMP][WPS][ESS],2017-10-29 19:07:27,11,-84,32.10258794,35.1799178,592.447021484375,7.585000038146973,WIFI
10:be:f5:40:70:10,pery2017,[WPA2-PSK-CCMP][ESS],2017-10-29 19:07:27,3,-93,32.10258794,35.1799178,592.447021484375,7.585000038146973,WIFI
14:ae:db:4e:53:55,Koz,[WPA2-PSK-CCMP][WPS][ESS],2017-10-29 19:07:30,6,-91,32.10257071,35.17967854,590.812744140625,9.101999282836914,WIFI
14:ae:db:b0:20:9d,shahar,[WPA2-PSK-CCMP][ESS],2017-10-29 19:07:32,2,-86,32.10261838,35.17962352,583.400390625,6.067999839782715,WIFI
14:ae:db:31:56:fa,leonid,[WPA2-PSK-CCMP][ESS],2017-10-29 19:07:33,7,-89,32.10262387,35.17956715,582.9742431640625,6.067999839782715,WIFI
28:6c:07:98:de:43,WWW,[WPA-PSK-CCMP+TKIP][WPA2-PSK-CCMP+TKIP][WPS][ESS],2017-10-29 19:07:34,1,-92,32.10263157,35.17950895,583.0428466796875,6.067999839782715,WIFI
14:af:db:31:56:fa,BezeqFree,[WPA2-PSK-CCMP][ESS],2017-10-29 19:07:34,7,-90,32.10263157,35.17950895,583.0428466796875,6.067999839782715,WIFI
c4:a8:1d:13:5f:6c,moshe2,[WPA2-PSK-CCMP][ESS],2017-10-29 19:07:34,6,-91,32.10263157,35.17950895,583.0428466796875,6.067999839782715,WIFI
14:ae:db:47:bf:05,rmenahem,[WPA2-PSK-CCMP][ESS],2017-10-29 19:07:34,6,-93,32.10263157,35.17950895,583.0428466796875,6.067999839782715,WIFI
42502_811_3931936,GOLAN T,UNKNOWN;il,2017-10-29 19:07:34,0,-113,32.10263157,35.17950895,583.0428466796875,6.067999839782715,GSM
a0:ab:1b:57:b0:b4,schluss,[WPA2-PSK-CCMP][ESS],2017-10-29 19:07:38,2,-92,32.1026523,35.17931165,579.150146484375,7.585000038146973,WIFI
06:ae:db:47:bf:05,BezeqFree,[WPA2-PSK-CCMP][ESS],2017-10-29 19:07:38,6,-92,32.1026523,35.17931165,579.150146484375,7.585000038146973,WIFI
d4:ca:6d:12:aa:ba,Egged.co.il,[ESS],2017-10-29 19:07:40,1,-88,32.10267775,35.1792138,578.7813720703125,10.618999481201172,WIFI
28:6c:07:98:de:43,WWW,[WPA-PSK-CCMP+TKIP][WPA2-PSK-CCMP+TKIP][WPS][ESS],2017-10-29 19:07:43,1,-85,32.10268089,35.17916744,579.3843994140625,10.618999481201172,WIFI
a0:ab:1b:5e:4c:d0,Anna,[WPA2-PSK-CCMP][ESS],2017-10-29 19:07:43,11,-90,32.10268089,35.17916744,579.3843994140625,10.618999481201172,WIFI
f8:e9:03:11:9a:49,URI10-2.4,[WPA2-PSK-CCMP][ESS],2017-10-29 19:07:43,1,-92,32.10268089,35.17916744,579.3843994140625,10.618999481201172,WIFI
d4:ca:6d:12:aa:ba,Egged.co.il,[ESS],2017-10-29 19:07:48,1,-79,32.10274088,35.17903746,577.6424560546875,9.101999282836914,WIFI
84:16:f9:7d:38:5f,TP-LINK_385F,[WPA-PSK-CCMP][WPA2-PSK-CCMP][WPS][ESS],2017-10-29 19:07:50,11,-81,32.10284394,35.17889292,576.3787841796875,6.067999839782715,WIFI
42502_811_3931936,GOLAN T,UNKNOWN;il,2017-10-29 19:07:54,0,-113,32.10282642,35.17849087,577.611083984375,9.101999282836914,GSM
a0:ab:1b:57:b0:b4,schluss,[WPA2-PSK-CCMP][ESS],2017-10-29 19:07:56,2,-90,32.10283261,35.17820946,578.1131591796875,9.101999282836914,WIFI
28:6c:07:98:de:43,WWW,[WPA-PSK-CCMP+TKIP][WPA2-PSK-CCMP+TKIP][WPS][ESS],2017-10-29 19:07:57,1,-91,32.10282494,35.17807785,578.4954833984375,10.618999481201172,WIFI
d4:ca:6d:12:aa:ba,Egged.co.il,[ESS],2017-10-29 19:07:58,1,-85,32.10282496,35.17792722,578.448486328125,15.170000076293945,WIFI
84:16:f9:7d:38:5f,TP-LINK_385F,[WPA-PSK-CCMP][WPA2-PSK-CCMP][WPS][ESS],2017-10-29 19:07:59,11,-80,32.10283004,35.177766,578.484619140625,16.687000274658203,WIFI
42502_811_3931936,GOLAN T,UNKNOWN;il,2017-10-29 19:08:01,0,-113,32.10282328,35.17740307,651.4862060546875,22.7549991607666,GSM
a0:ab:1b:57:b0:b4,schluss,[WPA2-PSK-CCMP][ESS],2017-10-29 19:08:03,2,-90,32.10280545,35.17700046,628.214599609375,28.822999954223633,WIFI
c4:6e:1f:bd:8f:68,VAINERU_EXTENDER,[WPS][ESS],2017-10-29 19:08:03,1,-90,32.10280545,35.17700046,628.214599609375,28.822999954223633,WIFI
84:16:f9:7d:38:5f,TP-LINK_385F,[WPA-PSK-CCMP][WPA2-PSK-CCMP][WPS][ESS],2017-10-29 19:08:04,11,-80,32.10281823,35.17675179,620.861328125,30.34000015258789,WIFI
d4:ca:6d:12:aa:ba,Egged.co.il,[ESS],2017-10-29 19:08:04,1,-85,32.10281823,35.17675179,620.861328125,30.34000015258789,WIFI
42502_811_3931936,GOLAN T,UNKNOWN;il,2017-10-29 19:08:06,0,-113,32.10281194,35.17635068,609.349365234375,36.407997131347656,GSM
c4:6e:1f:bd:8f:68,VAINERU_EXTENDER,[WPS][ESS],2017-10-29 19:08:08,1,-90,32.10268291,35.17575158,596.378173828125,21.237998962402344,WIFI
60:e3:27:67:ef:f4,ChadAP,[WPS][WEP][ESS],2017-10-29 19:08:08,9,-89,32.10268291,35.17575158,596.378173828125,21.237998962402344,WIFI
06:ae:db:b1:68:dd,BezeqFree,[WPA2-PSK-CCMP][ESS],2017-10-29 19:08:09,11,-85,32.10250966,35.17547373,591.779541015625,16.687000274658203,WIFI
14:ae:db:b1:68:dd,Rita10,[WPA2-PSK-CCMP][ESS],2017-10-29 19:08:09,11,-89,32.10250966,35.17547373,591.779541015625,16.687000274658203,WIFI
00:78:9e:fb:58:a5,Tomer1,[WPA-PSK-CCMP+TKIP][WPA2-PSK-CCMP+TKIP][ESS],2017-10-29 19:08:09,11,-89,32.10250966,35.17547373,591.779541015625,16.687000274658203,WIFI
a0:4f:d4:45:f6:51,Cellcomnet,[WPA2-PSK-CCMP][ESS],2017-10-29 19:08:10,1,-90,32.10240638,35.17526201,586.5972900390625,13.652999877929688,WIFI
14:ae:db:48:19:9d,Dira2,[WPA2-PSK-CCMP][ESS],2017-10-29 19:08:10,1,-90,32.10240638,35.17526201,586.5972900390625,13.652999877929688,WIFI
c4:3d:c7:50:48:c4,omer,[WPS][ESS],2017-10-29 19:08:10,11,-88,32.10240638,35.17526201,586.5972900390625,13.652999877929688,WIFI
00:1a:dd:f5:cb:a5,Afikim_Wifi,[ESS],2017-10-29 19:08:10,11,-88,32.10240638,35.17526201,586.5972900390625,13.652999877929688,WIFI
00:1a:dd:f5:cb:a4,,[ESS],2017-10-29 19:08:10,11,-88,32.10240638,35.17526201,586.5972900390625,13.652999877929688,WIFI
42502_811_3931936,GOLAN T,UNKNOWN;il,2017-10-29 19:08:10,0,-113,32.10240638,35.17526201,586.5972900390625,13.652999877929688,GSM
f0:9f:c2:e8:64:ca,GVNM1,[WPA2-PSK-CCMP][ESS],2017-10-29 19:08:11,6,-82,32.10233279,35.17505474,582.436279296875,10.618999481201172,WIFI
6c:19:8f:4a:7a:da,ilana,[WPA2-PSK-CCMP][ESS],2017-10-29 19:08:11,6,-90,32.10233279,35.17505474,582.436279296875,10.618999481201172,WIFI
6c:19:8f:49:08:0b,TP-link-7619,[WPA2-PSK-CCMP][ESS],2017-10-29 19:08:11,6,-92,32.10233279,35.17505474,582.436279296875,10.618999481201172,WIFI
a4:2b:8c:98:0a:0a,DUSHI_2.4,[WPA2-PSK-CCMP][WPS][ESS],2017-10-29 19:08:12,1,-92,32.10224351,35.17485642,578.689453125,10.618999481201172,WIFI
06:ae:db:c2:36:85,BezeqFree,[WPA2-PSK-CCMP][ESS],2017-10-29 19:08:12,1,-93,32.10224351,35.17485642,578.689453125,10.618999481201172,WIFI
6a:2b:8c:98:0a:0b,Bezeq Free DA0B2D,[ESS],2017-10-29 19:08:12,1,-95,32.10224351,35.17485642,578.689453125,10.618999481201172,WIFI
60:e3:27:67:ef:f4,ChadAP,[WPS][WEP][ESS],2017-10-29 19:08:13,9,-89,32.10214608,35.1746953,575.264404296875,10.618999481201172,WIFI
14:ae:db:c2:36:85,oleg,[WPA2-PSK-CCMP][ESS],2017-10-29 19:08:13,1,-92,32.10214608,35.1746953,575.264404296875,10.618999481201172,WIFI
14:ae:db:b0:5e:55,IGOR,[WPA2-PSK-CCMP][ESS],2017-10-29 19:08:13,6,-93,32.10214608,35.1746953,575.264404296875,10.618999481201172,WIFI
06:ae:db:b1:68:dd,BezeqFree,[WPA2-PSK-CCMP][ESS],2017-10-29 19:08:15,11,-86,32.10198519,35.17438007,569.5631103515625,9.101999282836914,WIFI
14:ae:db:b1:68:dd,Rita10,[WPA2-PSK-CCMP][ESS],2017-10-29 19:08:15,11,-90,32.10198519,35.17438007,569.5631103515625,9.101999282836914,WIFI
00:78:9e:fb:58:a5,Tomer1,[WPA-PSK-CCMP+TKIP][WPA2-PSK-CCMP+TKIP][ESS],2017-10-29 19:08:15,11,-89,32.10198519,35.17438007,569.5631103515625,9.101999282836914,WIFI
a0:4f:d4:45:f6:51,Cellcomnet,[WPA2-PSK-CCMP][ESS],2017-10-29 19:08:16,1,-90,32.1019251,35.17424053,568.343994140625,9.101999282836914,WIFI
14:ae:db:48:19:9d,Dira2,[WPA2-PSK-CCMP][ESS],2017-10-29 19:08:16,1,-90,32.1019251,35.17424053,568.343994140625,9.101999282836914,WIFI
c4:3d:c7:50:48:c4,omer,[WPS][ESS],2017-10-29 19:08:16,11,-90,32.1019251,35.17424053,568.343994140625,9.101999282836914,WIFI
00:1a:dd:f5:cb:a5,Afikim_Wifi,[ESS],2017-10-29 19:08:16,11,-89,32.1019251,35.17424053,568.343994140625,9.101999282836914,WIFI
00:1a:dd:f5:cb:a4,,[ESS],2017-10-29 19:08:16,11,-88,32.1019251,35.17424053,568.343994140625,9.101999282836914,WIFI
42502_811_3931936,GOLAN T,UNKNOWN;il,2017-10-29 19:08:16,0,-113,32.1019251,35.17424053,568.343994140625,9.101999282836914,GSM
f0:9f:c2:e8:64:ca,GVNM1,[WPA2-PSK-CCMP][ESS],2017-10-29 19:08:18,6,-80,32.10180303,35.17403534,559.885498046875,7.585000038146973,WIFI
6c:19:8f:4a:7a:da,ilana,[WPA2-PSK-CCMP][ESS],2017-10-29 19:08:18,6,-90,32.10180303,35.17403534,559.885498046875,7.585000038146973,WIFI
6c:19:8f:49:08:0b,TP-link-7619,[WPA2-PSK-CCMP][ESS],2017-10-29 19:08:18,6,-92,32.10180303,35.17403534,559.885498046875,7.585000038146973,WIFI
18:1e:78:86:61:8d,HOTFiber-galay,[WPA2-PSK-CCMP][ESS],2017-10-29 19:08:20,6,-86,32.10168789,35.173876,549.194580078125,6.067999839782715,WIFI
f6:9f:c2:81:d1:c1,,[WPA2-PSK-CCMP][ESS],2017-10-29 19:08:20,1,-88,32.10168789,35.173876,549.194580078125,6.067999839782715,WIFI
14:ae:db:57:21:5d,ilya,[WPA2-PSK-CCMP][ESS],2017-10-29 19:08:20,6,-89,32.10168789,35.173876,549.194580078125,6.067999839782715,WIFI
c4:12:f5:f7:88:8e,Bezeq_WiFi,[WPA2-PSK-CCMP][ESS],2017-10-29 19:08:20,6,-93,32.10168789,35.173876,549.194580078125,6.067999839782715,WIFI
06:ae:db:b6:23:15,Bezeq Free,[ESS],2017-10-29 19:08:20,1,-90,32.10168789,35.173876,549.194580078125,6.067999839782715,WIFI
a4:2b:8c:98:0a:0a,DUSHI_2.4,[WPA2-PSK-CCMP][WPS][ESS],2017-10-29 19:08:21,1,-89,32.10170005,35.17381375,548.003662109375,6.067999839782715,WIFI
06:ae:db:c2:36:85,BezeqFree,[WPA2-PSK-CCMP][ESS],2017-10-29 19:08:21,1,-93,32.10170005,35.17381375,548.003662109375,6.067999839782715,WIFI
6a:2b:8c:98:0a:0b,Bezeq Free DA0B2D,[ESS],2017-10-29 19:08:21,1,-91,32.10170005,35.17381375,548.003662109375,6.067999839782715,WIFI
14:ae:db:c2:36:85,oleg,[WPA2-PSK-CCMP][ESS],2017-10-29 19:08:23,1,-92,32.10165337,35.17366735,545.1497802734375,4.550999641418457,WIFI
14:ae:db:b0:5e:55,IGOR,[WPA2-PSK-CCMP][ESS],2017-10-29 19:08:23,6,-93,32.10165337,35.17366735,545.1497802734375,4.550999641418457,WIFI
00:1a:dd:f5:cb:a5,Afikim_Wifi,[ESS],2017-10-29 19:08:26,11,-70,32.10144667,35.17350853,542.8570556640625,4.550999641418457,WIFI
00:1a:dd:f5:cb:a4,,[ESS],2017-10-29 19:08:26,11,-70,32.10144667,35.17350853,542.8570556640625,4.550999641418457,WIFI
a0:4f:d4:45:f6:51,Cellcomnet,[WPA2-PSK-CCMP][ESS],2017-10-29 19:08:29,1,-92,32.10126451,35.17320357,541.473876953125,4.550999641418457,WIFI
42502_811_3931936,GOLAN T,UNKNOWN;il,2017-10-29 19:08:29,0,-113,32.10126451,35.17320357,541.473876953125,4.550999641418457,GSM
f0:9f:c2:e8:64:ca,GVNM1,[WPA2-PSK-CCMP][ESS],2017-10-29 19:08:31,6,-88,32.10110939,35.17293421,542.03515625,7.585000038146973,WIFI
18:1e:78:86:61:8d,HOTFiber-galay,[WPA2-PSK-CCMP][ESS],2017-10-29 19:08:33,6,-90,32.10092741,35.17263855,541.51318359375,7.585000038146973,WIFI
f6:9f:c2:81:d1:c1,,[WPA2-PSK-CCMP][ESS],2017-10-29 19:08:33,1,-88,32.10092741,35.17263855,541.51318359375,7.585000038146973,WIFI
00:1a:dd:f5:cb:a5,Afikim_Wifi,[ESS],2017-10-29 19:08:34,11,-87,32.10088839,35.17245232,537.97021484375,6.067999839782715,WIFI
00:1a:dd:f5:cb:a4,,[ESS],2017-10-29 19:08:34,11,-85,32.10088839,35.17245232,537.97021484375,6.067999839782715,WIFI
f8:23:b2:8a:ad:41,LEADERSHIP CENTER,[WPA2-PSK-CCMP][ESS],2017-10-29 19:08:36,1,-89,32.10074305,35.17206126,535.4073486328125,7.585000038146973,WIFI
42502_811_3931936,GOLAN T,UNKNOWN;il,2017-10-29 19:08:36,0,-113,32.10074305,35.17206126,535.4073486328125,7.585000038146973,GSM
f0:9f:c2:e8:64:ca,GVNM1,[WPA2-PSK-CCMP][ESS],2017-10-29 19:08:37,6,-91,32.10065883,35.1718669,535.2310791015625,9.101999282836914,WIFI
f8:23:b2:8a:ad:41,LEADERSHIP CENTER,[WPA2-PSK-CCMP][ESS],2017-10-29 19:08:38,1,-82,32.10057128,35.17167193,535.0247802734375,9.101999282836914,WIFI
f6:9f:c2:81:d1:c1,,[WPA2-PSK-CCMP][ESS],2017-10-29 19:08:39,1,-88,32.10048594,35.17147145,534.7437744140625,9.101999282836914,WIFI
00:1a:dd:f5:cb:a5,Afikim_Wifi,[ESS],2017-10-29 19:08:40,11,-90,32.10040632,35.17128811,534.1162109375,10.618999481201172,WIFI
00:1a:dd:f5:cb:a4,,[ESS],2017-10-29 19:08:40,11,-85,32.10040632,35.17128811,534.1162109375,10.618999481201172,WIFI
f0:9f:c2:e8:64:ca,GVNM1,[WPA2-PSK-CCMP][ESS],2017-10-29 19:08:42,6,-91,32.10025402,35.17085445,533.3333740234375,7.585000038146973,WIFI
42502_811_3931936,GOLAN T,UNKNOWN;il,2017-10-29 19:08:42,0,-113,32.10025402,35.17085445,533.3333740234375,7.585000038146973,GSM
f8:23:b2:8a:ad:41,LEADERSHIP CENTER,[WPA2-PSK-CCMP][ESS],2017-10-29 19:08:43,1,-88,32.1001922,35.17062756,533.440185546875,7.585000038146973,WIFI
f6:9f:c2:81:d1:c1,,[WPA2-PSK-CCMP][ESS],2017-10-29 19:08:44,1,-93,32.10013529,35.17037742,534.47998046875,7.585000038146973,WIFI
00:1a:dd:f5:cb:a5,Afikim_Wifi,[ESS],2017-10-29 19:08:47,11,-90,32.10001002,35.1697042,535.177978515625,7.585000038146973,WIFI
42502_811_3931936,GOLAN T,UNKNOWN;il,2017-10-29 19:08:47,0,-113,32.10001002,35.1697042,535.177978515625,7.585000038146973,GSM
f8:23:b2:8a:ad:41,LEADERSHIP CENTER,[WPA2-PSK-CCMP][ESS],2017-10-29 19:08:48,1,-88,32.09996421,35.16947363,535.032470703125,9.101999282836914,WIFI
42502_22811_5370007,GOLAN T,HSPA;il,2017-10-29 19:08:48,0,-107,32.09996421,35.16947363,535.032470703125,9.101999282836914,GSM
f6:9f:c2:81:d1:c1,,[WPA2-PSK-CCMP][ESS],2017-10-29 19:08:54,1,-86,32.09992173,35.16818296,527.948486328125,15.170000076293945,WIFI
42502_22811_5370007,GOLAN T,HSPA;il,2017-10-29 19:08:54,0,-107,32.09992173,35.16818296,527.948486328125,15.170000076293945,GSM
62:ee:0c:3d:46:b8,BezeqFree,[WPA2-PSK-CCMP][ESS],2017-10-29 19:08:54,5,-92,32.09992173,35.16818296,527.948486328125,15.170000076293945,WIFI
42502_22811_5370153,GOLAN T,HSPA;il,2017-10-29 19:08:54,0,-99,32.09992173,35.16818296,527.948486328125,15.170000076293945,GSM
62:ee:0c:3d:46:b8,BezeqFree,[WPA2-PSK-CCMP][ESS],2017-10-29 19:08:57,5,-84,32.10004077,35.16745289,528.302978515625,9.101999282836914,WIFI
48:ee:0c:3d:46:bb,mica,[WPA2-PSK-CCMP][ESS],2017-10-29 19:08:57,5,-83,32.10004077,35.16745289,528.302978515625,9.101999282836914,WIFI
f6:9f:c2:81:d1:c1,,[WPA2-PSK-CCMP][ESS],2017-10-29 19:08:58,1,-86,32.100121,35.16718052,526.662353515625,9.101999282836914,WIFI
42502_22811_5370153,GOLAN T,HSPA;il,2017-10-29 19:08:58,0,-99,32.100121,35.16718052,526.662353515625,9.101999282836914,GSM
f6:9f:c2:81:d1:c1,,[WPA2-PSK-CCMP][ESS],2017-10-29 19:09:03,1,-88,32.10022476,35.16605598,526.6123046875,16.687000274658203,WIFI
62:ee:0c:3d:46:b8,BezeqFree,[WPA2-PSK-CCMP][ESS],2017-10-29 19:09:03,5,-87,32.10022476,35.16605598,526.6123046875,16.687000274658203,WIFI
48:ee:0c:3d:46:bb,mica,[WPA2-PSK-CCMP][ESS],2017-10-29 19:09:03,5,-83,32.10022476,35.16605598,526.6123046875,16.687000274658203,WIFI
42502_22811_5370153,GOLAN T,HSPA;il,2017-10-29 19:09:03,0,-99,32.10022476,35.16605598,526.6123046875,16.687000274658203,GSM
00:1a:dd:f5:cc:e4,,[ESS],2017-10-29 19:09:05,6,-85,32.10064647,35.16569843,520.234619140625,12.13599967956543,WIFI
00:1a:dd:f5:cc:e5,Afikim_Wifi,[ESS],2017-10-29 19:09:05,6,-87,32.10064647,35.16569843,520.234619140625,12.13599967956543,WIFI
42502_22811_5370153,GOLAN T,HSPA;il,2017-10-29 19:09:05,0,-91,32.10064647,35.16569843,520.234619140625,12.13599967956543,GSM
f6:9f:c2:81:d1:c1,,[WPA2-PSK-CCMP][ESS],2017-10-29 19:09:09,1,-88,32.10118129,35.16495028,515.4530639648438,12.13599967956543,WIFI
62:ee:0c:3d:46:b8,BezeqFree,[WPA2-PSK-CCMP][ESS],2017-10-29 19:09:09,5,-90,32.10118129,35.16495028,515.4530639648438,12.13599967956543,WIFI
00:1a:dd:f5:cc:e5,Afikim_Wifi,[ESS],2017-10-29 19:09:09,6,-80,32.10118129,35.16495028,515.4530639648438,12.13599967956543,WIFI
00:1a:dd:f5:cc:e4,,[ESS],2017-10-29 19:09:11,6,-84,32.10141595,35.16463285,514.2493896484375,10.618999481201172,WIFI
00:1a:dd:f5:cc:e5,Afikim_Wifi,[ESS],2017-10-29 19:09:11,6,-69,32.10141595,35.16463285,514.2493896484375,10.618999481201172,WIFI
42502_22811_5370153,GOLAN T,HSPA;il,2017-10-29 19:09:11,0,-79,32.10141595,35.16463285,514.2493896484375,10.618999481201172,GSM
00:1a:dd:f5:cc:e4,,[ESS],2017-10-29 19:09:11,6,-49,32.10141595,35.16463285,514.2493896484375,10.618999481201172,WIFI
00:1a:dd:f5:cc:e5,Afikim_Wifi,[ESS],2017-10-29 19:09:11,6,-56,32.10141595,35.16463285,514.2493896484375,10.618999481201172,WIFI
00:1a:dd:f5:cc:e4,,[ESS],2017-10-29 19:09:19,6,-79,32.10246726,35.16388141,510.6180419921875,12.13599967956543,WIFI
00:1a:dd:f5:cc:e5,Afikim_Wifi,[ESS],2017-10-29 19:09:19,6,-81,32.10246726,35.16388141,510.6180419921875,12.13599967956543,WIFI
42502_22811_5370153,GOLAN T,HSPA;il,2017-10-29 19:09:19,0,-79,32.10246726,35.16388141,510.6180419921875,12.13599967956543,GSM
42502_22811_5370153,GOLAN T,HSPA;il,2017-10-29 19:09:30,0,-83,32.10353596,35.16386463,508.4693603515625,9.101999282836914,GSM
42502_22811_5370153,GOLAN T,HSPA;il,2017-10-29 19:09:39,0,-79,32.104601,35.16426948,506.9027099609375,12.13599967956543,GSM
44:6e:e5:d1:d2:1d,HUAWEI-E5336-D21D,[WPA2-PSK-CCMP][WPS][ESS],2017-10-29 19:09:44,4,-93,32.10530696,35.16451098,505.37451171875,10.618999481201172,WIFI
44:6e:e5:d1:d2:1d,HUAWEI-E5336-D21D,[WPA2-PSK-CCMP][WPS][ESS],2017-10-29 19:09:45,4,-79,32.10548171,35.16457151,501.369384765625,10.618999481201172,WIFI
42502_22811_5370153,GOLAN T,HSPA;il,2017-10-29 19:09:46,0,-79,32.10562076,35.16462297,502.33544921875,10.618999481201172,GSM
42502_22811_5370153,GOLAN T,HSPA;il,2017-10-29 19:09:47,0,-69,32.10575074,35.16468977,501.840576171875,12.13599967956543,GSM
00:1a:dd:f5:e2:e5,Afikim_Wifi,[ESS],2017-10-29 19:09:50,2,-93,32.10616508,35.16481196,506.6922607421875,12.13599967956543,WIFI
00:1a:dd:f5:e2:e4,,[ESS],2017-10-29 19:09:50,2,-93,32.10616508,35.16481196,506.6922607421875,12.13599967956543,WIFI
44:6e:e5:d1:d2:1d,HUAWEI-E5336-D21D,[WPA2-PSK-CCMP][WPS][ESS],2017-10-29 19:09:54,4,-79,32.10674553,35.16496623,511.0670166015625,10.618999481201172,WIFI
42502_22811_5370153,GOLAN T,HSPA;il,2017-10-29 19:09:56,0,-69,32.10701232,35.16505086,512.9970703125,16.687000274658203,GSM
00:1a:dd:f5:e2:e5,Afikim_Wifi,[ESS],2017-10-29 19:09:58,2,-93,32.10728679,35.16514623,513.9893188476562,16.687000274658203,WIFI
00:1a:dd:f5:e2:e4,,[ESS],2017-10-29 19:09:58,2,-93,32.10728679,35.16514623,513.9893188476562,16.687000274658203,WIFI
44:6e:e5:67:7d:9c,Partner-4G-7D9C,[WPA2-PSK-CCMP][ESS],2017-10-29 19:09:58,11,-84,32.10728679,35.16514623,513.9893188476562,16.687000274658203,WIFI
ec:9b:f3:20:46:29,AndroidAP,[WPA2-PSK-CCMP][ESS],2017-10-29 19:09:58,6,-80,32.10728679,35.16514623,513.9893188476562,16.687000274658203,WIFI
30:b5:c2:e9:a4:06,TP-LINK_E9A406,[WPA2-PSK-CCMP][WPS][ESS],2017-10-29 19:09:58,3,-85,32.10728679,35.16514623,513.9893188476562,16.687000274658203,WIFI
e8:94:f6:39:4d:2a,TP-LINK_394D2A,[WPA-PSK-CCMP+TKIP][WPA2-PSK-CCMP+TKIP][WPS][ESS],2017-10-29 19:09:58,11,-90,32.10728679,35.16514623,513.9893188476562,16.687000274658203,WIFI
e8:94:f6:39:4d:2a,TP-LINK_394D2A,[WPA-PSK-CCMP+TKIP][WPA2-PSK-CCMP+TKIP][WPS][ESS],2017-10-29 19:09:59,11,-85,32.10739793,35.16517024,516.6920166015625,15.170000076293945,WIFI
e8:94:f6:39:4d:2a,TP-LINK_394D2A,[WPA-PSK-CCMP+TKIP][WPA2-PSK-CCMP+TKIP][WPS][ESS],2017-10-29 19:10:03,11,-80,32.10767141,35.16530813,520.5347290039062,15.170000076293945,WIFI
44:6e:e5:67:73:9c,Partner-4G-739C,[WPA2-PSK-CCMP][ESS],2017-10-29 19:10:03,6,-82,32.10767141,35.16530813,520.5347290039062,15.170000076293945,WIFI
6a:3e:34:d3:50:cb,MEIZU MX6,[WPA-PSK-CCMP+TKIP][ESS],2017-10-29 19:10:05,7,-89,32.10770362,35.16531518,520.8231811523438,15.170000076293945,WIFI
6a:3e:34:d3:50:cb,MEIZU MX6,[WPA-PSK-CCMP+TKIP][ESS],2017-10-29 19:10:10,7,-69,32.10770856,35.16530916,520.4038696289062,15.170000076293945,WIFI
00:1a:dd:f5:0a:65,Afikim_Wifi,[ESS],2017-10-29 19:10:16,1,-81,32.10778457,35.16528082,521.4144897460938,15.170000076293945,WIFI
00:1a:dd:f5:0a:64,,[ESS],2017-10-29 19:10:16,1,-81,32.10778457,35.16528082,521.4144897460938,15.170000076293945,WIFI
52:ee:0c:3b:38:9f,Bezeq Free,[WPA2-PSK-CCMP][ESS],2017-10-29 19:10:26,5,-93,32.10793818,35.16438158,520.6030883789062,13.652999877929688,WIFI
e8:94:f6:39:4d:2a,TP-LINK_394D2A,[WPA-PSK-CCMP+TKIP][WPA2-PSK-CCMP+TKIP][WPS][ESS],2017-10-29 19:10:27,11,-89,32.10793083,35.16428976,520.9525756835938,15.170000076293945,WIFI
44:6e:e5:67:73:9c,Partner-4G-739C,[WPA2-PSK-CCMP][ESS],2017-10-29 19:10:27,6,-86,32.10793083,35.16428976,520.9525756835938,15.170000076293945,WIFI
f0:b4:29:49:0b:a5,WiFi_2nd_floor,[WPA-PSK-CCMP+TKIP][WPA2-PSK-CCMP+TKIP][WPS][ESS],2017-10-29 19:10:27,5,-91,32.10793083,35.16428976,520.9525756835938,15.170000076293945,WIFI
48:ee:0c:3b:38:9e,Olshanski-Home,[WPA2-PSK-CCMP][ESS],2017-10-29 19:10:27,5,-92,32.10793083,35.16428976,520.9525756835938,15.170000076293945,WIFI
00:1a:dd:f5:0a:65,Afikim_Wifi,[ESS],2017-10-29 19:10:28,1,-89,32.10793935,35.16420882,521.56787109375,15.170000076293945,WIFI
00:1a:dd:f5:0a:64,,[ESS],2017-10-29 19:10:28,1,-91,32.10793935,35.16420882,521.56787109375,15.170000076293945,WIFI
ec:9b:f3:20:46:29,AndroidAP,[WPA2-PSK-CCMP][ESS],2017-10-29 19:10:29,6,-78,32.10791942,35.16413572,523.1810913085938,15.170000076293945,WIFI
42502_22811_5370153,GOLAN T,HSPA;il,2017-10-29 19:10:31,0,-73,32.107994,35.16403149,521.8314208984375,15.170000076293945,GSM
14:cc:20:89:cb:a6,ph,[WPA-PSK-CCMP+TKIP][WPS][ESS],2017-10-29 19:10:33,1,-93,32.10800706,35.16395206,523.504150390625,15.170000076293945,WIFI
04:a1:51:d0:1b:4c,ganani1_2.4,[WPA2-PSK-CCMP][WPS][ESS],2017-10-29 19:10:34,1,-89,32.10801427,35.16391295,525.33935546875,15.170000076293945,WIFI
04:8d:38:07:e7:f8,Dr shadi,[WPA-PSK-CCMP+TKIP][WPA2-PSK-CCMP+TKIP][WPS][ESS],2017-10-29 19:10:35,2,-90,32.10804809,35.16391581,526.1141357421875,15.170000076293945,WIFI
14:cc:20:89:cb:a6,ph,[WPA-PSK-CCMP+TKIP][WPS][ESS],2017-10-29 19:10:37,1,-83,32.10809017,35.16388338,524.31298828125,16.687000274658203,WIFI
00:1a:dd:f5:0a:64,,[ESS],2017-10-29 19:10:46,1,-85,32.10808931,35.16386554,520.841796875,15.170000076293945,WIFI
42502_22811_5370007,GOLAN T,HSPA;il,2017-10-29 19:10:46,0,-73,32.10808931,35.16386554,520.841796875,15.170000076293945,GSM
42502_811_3931938,GOLAN T,UNKNOWN;il,2017-10-29 19:10:51,0,-113,32.10808273,35.16388736,523.187255859375,15.170000076293945,GSM
04:8d:38:07:e7:f8,Dr shadi,[WPA-PSK-CCMP+TKIP][WPA2-PSK-CCMP+TKIP][WPS][ESS],2017-10-29 19:11:10,2,-84,32.10808604,35.16375736,530.0181884765625,15.170000076293945,WIFI
00:15:70:cc:09:50,,[WPA-PSK-TKIP][WPA2-PSK-TKIP][ESS],2017-10-29 19:11:32,11,-92,32.10807606,35.1637057,536.12060546875,16.687000274658203,WIFI
10:5a:f7:07:83:62,Kiril_2.4,[WPA2-PSK-CCMP][ESS],2017-10-29 19:11:44,1,-92,32.10807911,35.16371167,534.3001708984375,13.652999877929688,WIFI
c4:04:15:04:aa:c2,Bezeq-n_AAC2,[WPS][ESS],2017-10-29 19:11:44,11,-91,32.10807911,35.16371167,534.3001708984375,13.652999877929688,WIFI
d4:ca:6d:12:aa:ba,Egged.co.il,[ESS],2017-10-29 19:12:08,1,-84,32.10807711,35.16371063,534.283935546875,15.170000076293945,WIFI
52:04:15:04:aa:c3,Bezeq Free,[ESS],2017-10-29 19:12:08,11,-89,32.10807711,35.16371063,534.283935546875,15.170000076293945,WIFI
